window_start_time,total_volume_mb
2025-01-01T00:00:00Z,259.93
2025-01-01T01:00:00Z,618.59
2025-01-01T02:00:00Z,1365.61
2025-01-01T03:00:00Z,699.25
2025-01-01T04:00:00Z,679.69
2025-01-01T05:00:00Z,196.36
2025-01-01T06:00:00Z,1135.74
2025-01-01T07:00:00Z,579.62
2025-01-01T08:00:00Z,3366.93
2025-01-01T09:00:00Z,1872.11
2025-01-01T10:00:00Z,4175.32
2025-01-01T11:00:00Z,2783.0
2025-01-01T12:00:00Z,2600.75
2025-01-01T13:00:00Z,2970.02
2025-01-01T14:00:00Z,2406.52
2025-01-01T15:00:00Z,3569.76
2025-01-01T16:00:00Z,3350.27
2025-01-01T17:00:00Z,3389.14
2025-01-01T18:00:00Z,3864.48
2025-01-01T19:00:00Z,836.65
2025-01-01T20:00:00Z,2000.07
2025-01-01T21:00:00Z,607.81
2025-01-01T22:00:00Z,103.42
2025-01-01T23:00:00Z,353.85
2025-01-02T00:00:00Z,92.03
2025-01-02T01:00:00Z,851.5
2025-01-02T02:00:00Z,717.92
2025-01-02T03:00:00Z,210.66
2025-01-02T04:00:00Z,811.74
2025-01-02T05:00:00Z,1341.96
2025-01-02T06:00:00Z,210.26
2025-01-02T07:00:00Z,683.61
2025-01-02T08:00:00Z,2091.55
2025-01-02T09:00:00Z,1986.79
2025-01-02T10:00:00Z,3239.33
2025-01-02T11:00:00Z,2351.03
2025-01-02T12:00:00Z,2477.37
2025-01-02T13:00:00Z,2170.27
2025-01-02T14:00:00Z,3742.61
2025-01-02T15:00:00Z,2214.31
2025-01-02T16:00:00Z,3162.88
2025-01-02T17:00:00Z,2145.24
2025-01-02T18:00:00Z,2461.69
2025-01-02T19:00:00Z,358.78
2025-01-02T20:00:00Z,58.28
2025-01-02T21:00:00Z,444.39
2025-01-02T22:00:00Z,599.18
2025-01-02T23:00:00Z,435.42
2025-01-03T00:00:00Z,89.99
2025-01-03T01:00:00Z,143.24
2025-01-03T02:00:00Z,980.19
2025-01-03T03:00:00Z,339.92
2025-01-03T04:00:00Z,510.73
2025-01-03T05:00:00Z,1100.81
2025-01-03T06:00:00Z,178.81
2025-01-03T07:00:00Z,117.27
2025-01-03T08:00:00Z,1706.82
2025-01-03T09:00:00Z,2819.01
2025-01-03T10:00:00Z,3324.21
2025-01-03T11:00:00Z,3389.21
2025-01-03T12:00:00Z,3701.56
2025-01-03T13:00:00Z,3470.79
2025-01-03T14:00:00Z,1790.98
2025-01-03T15:00:00Z,3690.07
2025-01-03T16:00:00Z,2974.37
2025-01-03T17:00:00Z,2812.72
2025-01-03T18:00:00Z,3213.45
2025-01-03T19:00:00Z,309.75
2025-01-03T20:00:00Z,618.12
2025-01-03T21:00:00Z,625.89
2025-01-03T22:00:00Z,350.02
2025-01-03T23:00:00Z,579.9
2025-01-04T00:00:00Z,69.62
2025-01-04T01:00:00Z,324.81
2025-01-04T02:00:00Z,178.18
2025-01-04T03:00:00Z,27.69
2025-01-04T04:00:00Z,179.37
2025-01-04T05:00:00Z,382.34
2025-01-04T06:00:00Z,264.28
2025-01-04T07:00:00Z,3.55
2025-01-04T08:00:00Z,2412.58
2025-01-04T09:00:00Z,1383.27
2025-01-04T10:00:00Z,1800.51
2025-01-04T11:00:00Z,1165.61
2025-01-04T12:00:00Z,1855.75
2025-01-04T13:00:00Z,1204.91
2025-01-04T14:00:00Z,1365.14
2025-01-04T15:00:00Z,1844.03
2025-01-04T16:00:00Z,601.14
2025-01-04T17:00:00Z,3908.77
2025-01-04T18:00:00Z,1738.2
2025-01-04T19:00:00Z,79.27
2025-01-04T20:00:00Z,13.24
2025-01-04T21:00:00Z,15.71
2025-01-04T22:00:00Z,431.02
2025-01-04T23:00:00Z,9.02
2025-01-05T00:00:00Z,15.42
2025-01-05T01:00:00Z,185.38
2025-01-05T02:00:00Z,442.9
2025-01-05T03:00:00Z,391.33
2025-01-05T04:00:00Z,363.1
2025-01-05T05:00:00Z,10.21
2025-01-05T06:00:00Z,328.94
2025-01-05T07:00:00Z,11.77
2025-01-05T08:00:00Z,608.2
2025-01-05T09:00:00Z,940.43
2025-01-05T10:00:00Z,2408.38
2025-01-05T11:00:00Z,1128.09
2025-01-05T12:00:00Z,1405.59
2025-01-05T13:00:00Z,1623.26
2025-01-05T14:00:00Z,1638.76
2025-01-05T15:00:00Z,1268.97
2025-01-05T16:00:00Z,2438.35
2025-01-05T17:00:00Z,1771.84
2025-01-05T18:00:00Z,1287.52
2025-01-05T19:00:00Z,65.59
2025-01-05T20:00:00Z,42.91
2025-01-05T21:00:00Z,657.33
2025-01-05T22:00:00Z,13.79
2025-01-05T23:00:00Z,99.69
2025-01-06T00:00:00Z,532.47
2025-01-06T01:00:00Z,83.8
2025-01-06T02:00:00Z,735.36
2025-01-06T03:00:00Z,115.68
2025-01-06T04:00:00Z,357.71
2025-01-06T05:00:00Z,1473.36
2025-01-06T06:00:00Z,426.58
2025-01-06T07:00:00Z,28.96
2025-01-06T08:00:00Z,2057.21
2025-01-06T09:00:00Z,2712.79
2025-01-06T10:00:00Z,2156.69
2025-01-06T11:00:00Z,3088.48
2025-01-06T12:00:00Z,2819.14
2025-01-06T13:00:00Z,3940.28
2025-01-06T14:00:00Z,3665.78
2025-01-06T15:00:00Z,4469.91
2025-01-06T16:00:00Z,2532.03
2025-01-06T17:00:00Z,4452.06
2025-01-06T18:00:00Z,3179.99
2025-01-06T19:00:00Z,481.79
2025-01-06T20:00:00Z,705.18
2025-01-06T21:00:00Z,665.81
2025-01-06T22:00:00Z,388.41
2025-01-06T23:00:00Z,463.02
2025-01-07T00:00:00Z,557.95
2025-01-07T01:00:00Z,390.18
2025-01-07T02:00:00Z,63.28
2025-01-07T03:00:00Z,380.49
2025-01-07T04:00:00Z,1495.7
2025-01-07T05:00:00Z,1273.31
2025-01-07T06:00:00Z,226.43
2025-01-07T07:00:00Z,1415.26
2025-01-07T08:00:00Z,3054.62
2025-01-07T09:00:00Z,4807.11
2025-01-07T10:00:00Z,3391.81
2025-01-07T11:00:00Z,3145.89
2025-01-07T12:00:00Z,4188.92
2025-01-07T13:00:00Z,1891.81
2025-01-07T14:00:00Z,2908.51
2025-01-07T15:00:00Z,4389.98
2025-01-07T16:00:00Z,2507.53
2025-01-07T17:00:00Z,4434.27
2025-01-07T18:00:00Z,4628.87
2025-01-07T19:00:00Z,89.55
2025-01-07T20:00:00Z,203.72
2025-01-07T21:00:00Z,325.27
2025-01-07T22:00:00Z,26.46
2025-01-07T23:00:00Z,1589.48
2025-01-08T00:00:00Z,355.73
2025-01-08T01:00:00Z,455.96
2025-01-08T02:00:00Z,291.35
2025-01-08T03:00:00Z,974.91
2025-01-08T04:00:00Z,372.29
2025-01-08T05:00:00Z,390.26
2025-01-08T06:00:00Z,280.55
2025-01-08T07:00:00Z,804.92
2025-01-08T08:00:00Z,4722.97
2025-01-08T09:00:00Z,5012.16
2025-01-08T10:00:00Z,2668.8
2025-01-08T11:00:00Z,4605.85
2025-01-08T12:00:00Z,2723.25
2025-01-08T13:00:00Z,4311.95
2025-01-08T14:00:00Z,2433.76
2025-01-08T15:00:00Z,3473.78
2025-01-08T16:00:00Z,4917.86
2025-01-08T17:00:00Z,3395.24
2025-01-08T18:00:00Z,3744.63
2025-01-08T19:00:00Z,665.63
2025-01-08T20:00:00Z,449.39
2025-01-08T21:00:00Z,384.82
2025-01-08T22:00:00Z,907.9
2025-01-08T23:00:00Z,978.92
2025-01-09T00:00:00Z,449.68
2025-01-09T01:00:00Z,1180.46
2025-01-09T02:00:00Z,683.05
2025-01-09T03:00:00Z,103.04
2025-01-09T04:00:00Z,238.41
2025-01-09T05:00:00Z,601.09
2025-01-09T06:00:00Z,261.39
2025-01-09T07:00:00Z,557.8
2025-01-09T08:00:00Z,3335.33
2025-01-09T09:00:00Z,3184.73
2025-01-09T10:00:00Z,2328.07
2025-01-09T11:00:00Z,4291.82
2025-01-09T12:00:00Z,4263.76
2025-01-09T13:00:00Z,1155.56
2025-01-09T14:00:00Z,4713.03
2025-01-09T15:00:00Z,1893.71
2025-01-09T16:00:00Z,5202.83
2025-01-09T17:00:00Z,6927.3
2025-01-09T18:00:00Z,3181.11
2025-01-09T19:00:00Z,1112.32
2025-01-09T20:00:00Z,935.44
2025-01-09T21:00:00Z,841.33
2025-01-09T22:00:00Z,95.88
2025-01-09T23:00:00Z,895.17
2025-01-10T00:00:00Z,221.9
2025-01-10T01:00:00Z,620.92
2025-01-10T02:00:00Z,455.71
2025-01-10T03:00:00Z,698.86
2025-01-10T04:00:00Z,1353.91
2025-01-10T05:00:00Z,559.2
2025-01-10T06:00:00Z,909.8
2025-01-10T07:00:00Z,155.47
2025-01-10T08:00:00Z,3725.29
2025-01-10T09:00:00Z,2303.07
2025-01-10T10:00:00Z,3435.96
2025-01-10T11:00:00Z,3848.09
2025-01-10T12:00:00Z,2604.28
2025-01-10T13:00:00Z,3791.49
2025-01-10T14:00:00Z,2533.6
2025-01-10T15:00:00Z,3268.53
2025-01-10T16:00:00Z,3304.67
2025-01-10T17:00:00Z,3892.77
2025-01-10T18:00:00Z,2933.62
2025-01-10T19:00:00Z,459.76
2025-01-10T20:00:00Z,590.58
2025-01-10T21:00:00Z,466.35
2025-01-10T22:00:00Z,193.78
2025-01-10T23:00:00Z,450.67
2025-01-11T00:00:00Z,831.2
2025-01-11T01:00:00Z,12.96
2025-01-11T02:00:00Z,96.97
2025-01-11T03:00:00Z,211.81
2025-01-11T04:00:00Z,13.39
2025-01-11T05:00:00Z,127.31
2025-01-11T06:00:00Z,16.71
2025-01-11T07:00:00Z,318.41
2025-01-11T08:00:00Z,1870.88
2025-01-11T09:00:00Z,3111.07
2025-01-11T10:00:00Z,1500.62
2025-01-11T11:00:00Z,2167.83
2025-01-11T12:00:00Z,2552.94
2025-01-11T13:00:00Z,2205.65
2025-01-11T14:00:00Z,1012.74
2025-01-11T15:00:00Z,750.71
2025-01-11T16:00:00Z,976.13
2025-01-11T17:00:00Z,1511.02
2025-01-11T18:00:00Z,1699.13
2025-01-11T19:00:00Z,825.84
2025-01-11T20:00:00Z,6.85
2025-01-11T21:00:00Z,272.53
2025-01-11T22:00:00Z,5.53
2025-01-11T23:00:00Z,346.0
2025-01-12T00:00:00Z,367.42
2025-01-12T01:00:00Z,67.04
2025-01-12T02:00:00Z,400.32
2025-01-12T03:00:00Z,668.64
2025-01-12T04:00:00Z,488.0
2025-01-12T05:00:00Z,408.14
2025-01-12T06:00:00Z,136.1
2025-01-12T07:00:00Z,8.55
2025-01-12T08:00:00Z,3318.1
2025-01-12T09:00:00Z,1120.24
2025-01-12T10:00:00Z,1088.61
2025-01-12T11:00:00Z,1715.24
2025-01-12T12:00:00Z,1550.98
2025-01-12T13:00:00Z,1753.22
2025-01-12T14:00:00Z,1603.23
2025-01-12T15:00:00Z,1159.55
2025-01-12T16:00:00Z,790.51
2025-01-12T17:00:00Z,2051.27
2025-01-12T18:00:00Z,2043.56
2025-01-12T19:00:00Z,13.7
2025-01-12T20:00:00Z,594.48
2025-01-12T21:00:00Z,4.0
2025-01-12T22:00:00Z,105.54
2025-01-12T23:00:00Z,24.49
2025-01-13T00:00:00Z,226.88
2025-01-13T01:00:00Z,519.99
2025-01-13T02:00:00Z,812.8
2025-01-13T03:00:00Z,143.85
2025-01-13T04:00:00Z,722.44
2025-01-13T05:00:00Z,528.79
2025-01-13T06:00:00Z,1050.86
2025-01-13T07:00:00Z,818.56
2025-01-13T08:00:00Z,3775.3
2025-01-13T09:00:00Z,6464.96
2025-01-13T10:00:00Z,2763.68
2025-01-13T11:00:00Z,3540.17
2025-01-13T12:00:00Z,2289.65
2025-01-13T13:00:00Z,2753.16
2025-01-13T14:00:00Z,2176.7
2025-01-13T15:00:00Z,1605.57
2025-01-13T16:00:00Z,1948.91
2025-01-13T17:00:00Z,1574.35
2025-01-13T18:00:00Z,2425.78
2025-01-13T19:00:00Z,758.2
2025-01-13T20:00:00Z,720.88
2025-01-13T21:00:00Z,485.55
2025-01-13T22:00:00Z,150.69
2025-01-13T23:00:00Z,140.52
2025-01-14T00:00:00Z,1282.81
2025-01-14T01:00:00Z,1493.96
2025-01-14T02:00:00Z,612.07
2025-01-14T03:00:00Z,706.47
2025-01-14T04:00:00Z,551.75
2025-01-14T05:00:00Z,556.37
2025-01-14T06:00:00Z,232.55
2025-01-14T07:00:00Z,401.69
2025-01-14T08:00:00Z,4129.21
2025-01-14T09:00:00Z,3662.55
2025-01-14T10:00:00Z,2569.01
2025-01-14T11:00:00Z,2853.75
2025-01-14T12:00:00Z,2598.59
2025-01-14T13:00:00Z,1981.98
2025-01-14T14:00:00Z,3731.23
2025-01-14T15:00:00Z,2594.81
2025-01-14T16:00:00Z,4847.08
2025-01-14T17:00:00Z,3079.84
2025-01-14T18:00:00Z,2870.24
2025-01-14T19:00:00Z,390.59
2025-01-14T20:00:00Z,449.14
2025-01-14T21:00:00Z,161.94
2025-01-14T22:00:00Z,768.62
2025-01-14T23:00:00Z,477.51
2025-01-15T00:00:00Z,178.37
2025-01-15T01:00:00Z,386.08
2025-01-15T02:00:00Z,591.58
2025-01-15T03:00:00Z,237.8
2025-01-15T04:00:00Z,181.95
2025-01-15T05:00:00Z,1219.24
2025-01-15T06:00:00Z,1450.52
2025-01-15T07:00:00Z,32.26
2025-01-15T08:00:00Z,2157.26
2025-01-15T09:00:00Z,3622.64
2025-01-15T10:00:00Z,2022.91
2025-01-15T11:00:00Z,3268.8
2025-01-15T12:00:00Z,3214.67
2025-01-15T13:00:00Z,3744.09
2025-01-15T14:00:00Z,2225.78
2025-01-15T15:00:00Z,3400.24
2025-01-15T16:00:00Z,2297.31
2025-01-15T17:00:00Z,3923.02
2025-01-15T18:00:00Z,5475.56
2025-01-15T19:00:00Z,43.78
2025-01-15T20:00:00Z,178.71
2025-01-15T21:00:00Z,602.75
2025-01-15T22:00:00Z,858.05
2025-01-15T23:00:00Z,161.95
2025-01-16T00:00:00Z,1794.01
2025-01-16T01:00:00Z,599.84
2025-01-16T02:00:00Z,615.36
2025-01-16T03:00:00Z,501.15
2025-01-16T04:00:00Z,185.05
2025-01-16T05:00:00Z,304.65
2025-01-16T06:00:00Z,57.12
2025-01-16T07:00:00Z,159.87
2025-01-16T08:00:00Z,4513.19
2025-01-16T09:00:00Z,4222.05
2025-01-16T10:00:00Z,3159.97
2025-01-16T11:00:00Z,2734.57
2025-01-16T12:00:00Z,3333.38
2025-01-16T13:00:00Z,4989.47
2025-01-16T14:00:00Z,4338.64
2025-01-16T15:00:00Z,3648.39
2025-01-16T16:00:00Z,3605.5
2025-01-16T17:00:00Z,2495.26
2025-01-16T18:00:00Z,4962.09
2025-01-16T19:00:00Z,491.08
2025-01-16T20:00:00Z,1118.44
2025-01-16T21:00:00Z,731.13
2025-01-16T22:00:00Z,36.13
2025-01-16T23:00:00Z,624.62
2025-01-17T00:00:00Z,240.73
2025-01-17T01:00:00Z,169.09
2025-01-17T02:00:00Z,595.95
2025-01-17T03:00:00Z,1072.27
2025-01-17T04:00:00Z,836.55
2025-01-17T05:00:00Z,39.32
2025-01-17T06:00:00Z,1188.65
2025-01-17T07:00:00Z,298.63
2025-01-17T08:00:00Z,4178.97
2025-01-17T09:00:00Z,3631.63
2025-01-17T10:00:00Z,4272.63
2025-01-17T11:00:00Z,1164.22
2025-01-17T12:00:00Z,2409.68
2025-01-17T13:00:00Z,3488.66
2025-01-17T14:00:00Z,3912.84
2025-01-17T15:00:00Z,1673.21
2025-01-17T16:00:00Z,1861.97
2025-01-17T17:00:00Z,2349.03
2025-01-17T18:00:00Z,3171.9
2025-01-17T19:00:00Z,808.45
2025-01-17T20:00:00Z,69.65
2025-01-17T21:00:00Z,720.34
2025-01-17T22:00:00Z,291.87
2025-01-17T23:00:00Z,194.62
2025-01-18T00:00:00Z,15.41
2025-01-18T01:00:00Z,462.72
2025-01-18T02:00:00Z,30.41
2025-01-18T03:00:00Z,346.11
2025-01-18T04:00:00Z,51.99
2025-01-18T05:00:00Z,111.52
2025-01-18T06:00:00Z,327.09
2025-01-18T07:00:00Z,12.91
2025-01-18T08:00:00Z,1669.46
2025-01-18T09:00:00Z,2253.32
2025-01-18T10:00:00Z,1266.88
2025-01-18T11:00:00Z,2604.58
2025-01-18T12:00:00Z,863.35
2025-01-18T13:00:00Z,1767.51
2025-01-18T14:00:00Z,2296.57
2025-01-18T15:00:00Z,2149.19
2025-01-18T16:00:00Z,1415.85
2025-01-18T17:00:00Z,2637.01
2025-01-18T18:00:00Z,875.05
2025-01-18T19:00:00Z,535.27
2025-01-18T20:00:00Z,687.02
2025-01-18T21:00:00Z,130.92
2025-01-18T22:00:00Z,781.95
2025-01-18T23:00:00Z,358.42
2025-01-19T00:00:00Z,58.87
2025-01-19T01:00:00Z,493.82
2025-01-19T02:00:00Z,376.17
2025-01-19T03:00:00Z,645.87
2025-01-19T04:00:00Z,28.22
2025-01-19T05:00:00Z,500.2
2025-01-19T06:00:00Z,345.42
2025-01-19T07:00:00Z,260.63
2025-01-19T08:00:00Z,876.96
2025-01-19T09:00:00Z,2168.0
2025-01-19T10:00:00Z,2354.35
2025-01-19T11:00:00Z,984.86
2025-01-19T12:00:00Z,951.88
2025-01-19T13:00:00Z,1961.3
2025-01-19T14:00:00Z,2584.36
2025-01-19T15:00:00Z,1300.28
2025-01-19T16:00:00Z,1072.84
2025-01-19T17:00:00Z,1453.64
2025-01-19T18:00:00Z,1123.11
2025-01-19T19:00:00Z,612.84
2025-01-19T20:00:00Z,362.81
2025-01-19T21:00:00Z,12.31
2025-01-19T22:00:00Z,113.72
2025-01-19T23:00:00Z,297.62
2025-01-20T00:00:00Z,22.7
2025-01-20T01:00:00Z,850.24
2025-01-20T02:00:00Z,1377.22
2025-01-20T03:00:00Z,171.4
2025-01-20T04:00:00Z,840.21
2025-01-20T05:00:00Z,362.64
2025-01-20T06:00:00Z,88.45
2025-01-20T07:00:00Z,432.44
2025-01-20T08:00:00Z,3277.51
2025-01-20T09:00:00Z,2349.63
2025-01-20T10:00:00Z,4744.92
2025-01-20T11:00:00Z,5523.87
2025-01-20T12:00:00Z,3683.21
2025-01-20T13:00:00Z,2572.7
2025-01-20T14:00:00Z,4349.37
2025-01-20T15:00:00Z,3135.99
2025-01-20T16:00:00Z,3491.2
2025-01-20T17:00:00Z,3036.6
2025-01-20T18:00:00Z,3928.62
2025-01-20T19:00:00Z,691.47
2025-01-20T20:00:00Z,799.52
2025-01-20T21:00:00Z,426.83
2025-01-20T22:00:00Z,1085.16
2025-01-20T23:00:00Z,406.53
2025-01-21T00:00:00Z,965.0
2025-01-21T01:00:00Z,853.36
2025-01-21T02:00:00Z,302.8
2025-01-21T03:00:00Z,1433.31
2025-01-21T04:00:00Z,26.79
2025-01-21T05:00:00Z,13.15
2025-01-21T06:00:00Z,23.54
2025-01-21T07:00:00Z,676.43
2025-01-21T08:00:00Z,3743.59
2025-01-21T09:00:00Z,2719.59
2025-01-21T10:00:00Z,1962.77
2025-01-21T11:00:00Z,2390.86
2025-01-21T12:00:00Z,5161.06
2025-01-21T13:00:00Z,3859.74
2025-01-21T14:00:00Z,3407.85
2025-01-21T15:00:00Z,2959.91
2025-01-21T16:00:00Z,4610.2
2025-01-21T17:00:00Z,3279.63
2025-01-21T18:00:00Z,2943.81
2025-01-21T19:00:00Z,1241.24
2025-01-21T20:00:00Z,333.08
2025-01-21T21:00:00Z,456.62
2025-01-21T22:00:00Z,532.13
2025-01-21T23:00:00Z,856.68
2025-01-22T00:00:00Z,25.91
2025-01-22T01:00:00Z,1106.84
2025-01-22T02:00:00Z,213.25
2025-01-22T03:00:00Z,387.76
2025-01-22T04:00:00Z,986.35
2025-01-22T05:00:00Z,891.71
2025-01-22T06:00:00Z,1056.5
2025-01-22T07:00:00Z,674.69
2025-01-22T08:00:00Z,4188.86
2025-01-22T09:00:00Z,797.68
2025-01-22T10:00:00Z,2286.0
2025-01-22T11:00:00Z,4149.98
2025-01-22T12:00:00Z,4888.21
2025-01-22T13:00:00Z,2886.79
2025-01-22T14:00:00Z,2814.24
2025-01-22T15:00:00Z,3325.26
2025-01-22T16:00:00Z,3482.78
2025-01-22T17:00:00Z,2888.72
2025-01-22T18:00:00Z,2655.88
2025-01-22T19:00:00Z,88.83
2025-01-22T20:00:00Z,1014.78
2025-01-22T21:00:00Z,641.01
2025-01-22T22:00:00Z,759.17
2025-01-22T23:00:00Z,159.74
2025-01-23T00:00:00Z,894.29
2025-01-23T01:00:00Z,294.58
2025-01-23T02:00:00Z,939.46
2025-01-23T03:00:00Z,17.45
2025-01-23T04:00:00Z,142.9
2025-01-23T05:00:00Z,958.55
2025-01-23T06:00:00Z,387.51
2025-01-23T07:00:00Z,519.47
2025-01-23T08:00:00Z,2400.65
2025-01-23T09:00:00Z,4287.97
2025-01-23T10:00:00Z,3808.17
2025-01-23T11:00:00Z,3445.81
2025-01-23T12:00:00Z,3596.71
2025-01-23T13:00:00Z,3165.31
2025-01-23T14:00:00Z,4152.12
2025-01-23T15:00:00Z,4999.29
2025-01-23T16:00:00Z,3237.18
2025-01-23T17:00:00Z,1994.43
2025-01-23T18:00:00Z,2570.77
2025-01-23T19:00:00Z,80.04
2025-01-23T20:00:00Z,407.96
2025-01-23T21:00:00Z,27.98
2025-01-23T22:00:00Z,1089.79
2025-01-23T23:00:00Z,961.26
2025-01-24T00:00:00Z,1123.37
2025-01-24T01:00:00Z,407.45
2025-01-24T02:00:00Z,1375.28
2025-01-24T03:00:00Z,1051.18
2025-01-24T04:00:00Z,755.0
2025-01-24T05:00:00Z,164.75
2025-01-24T06:00:00Z,438.15
2025-01-24T07:00:00Z,320.99
2025-01-24T08:00:00Z,4869.83
2025-01-24T09:00:00Z,3487.79
2025-01-24T10:00:00Z,2817.36
2025-01-24T11:00:00Z,3019.86
2025-01-24T12:00:00Z,3757.44
2025-01-24T13:00:00Z,3079.87
2025-01-24T14:00:00Z,2707.68
2025-01-24T15:00:00Z,1952.16
2025-01-24T16:00:00Z,2557.76
2025-01-24T17:00:00Z,1828.17
2025-01-24T18:00:00Z,3699.21
2025-01-24T19:00:00Z,1388.9
2025-01-24T20:00:00Z,1129.93
2025-01-24T21:00:00Z,628.06
2025-01-24T22:00:00Z,1138.18
2025-01-24T23:00:00Z,460.02
2025-01-25T00:00:00Z,617.18
2025-01-25T01:00:00Z,522.58
2025-01-25T02:00:00Z,146.84
2025-01-25T03:00:00Z,348.14
2025-01-25T04:00:00Z,80.02
2025-01-25T05:00:00Z,175.89
2025-01-25T06:00:00Z,62.06
2025-01-25T07:00:00Z,399.84
2025-01-25T08:00:00Z,2979.57
2025-01-25T09:00:00Z,2459.89
2025-01-25T10:00:00Z,1795.62
2025-01-25T11:00:00Z,1622.0
2025-01-25T12:00:00Z,1162.0
2025-01-25T13:00:00Z,2017.05
2025-01-25T14:00:00Z,820.78
2025-01-25T15:00:00Z,846.52
2025-01-25T16:00:00Z,2725.61
2025-01-25T17:00:00Z,2143.95
2025-01-25T18:00:00Z,1494.41
2025-01-25T19:00:00Z,9.54
2025-01-25T20:00:00Z,85.98
2025-01-25T21:00:00Z,28.6
2025-01-25T22:00:00Z,37.73
2025-01-25T23:00:00Z,289.63
2025-01-26T00:00:00Z,409.56
2025-01-26T01:00:00Z,846.85
2025-01-26T02:00:00Z,55.53
2025-01-26T03:00:00Z,92.18
2025-01-26T04:00:00Z,70.25
2025-01-26T05:00:00Z,380.01
2025-01-26T06:00:00Z,156.64
2025-01-26T07:00:00Z,6.0
2025-01-26T08:00:00Z,827.63
2025-01-26T09:00:00Z,2385.04
2025-01-26T10:00:00Z,862.57
2025-01-26T11:00:00Z,1002.36
2025-01-26T12:00:00Z,925.74
2025-01-26T13:00:00Z,1858.44
2025-01-26T14:00:00Z,750.11
2025-01-26T15:00:00Z,1027.2
2025-01-26T16:00:00Z,1261.48
2025-01-26T17:00:00Z,1856.51
2025-01-26T18:00:00Z,3068.03
2025-01-26T19:00:00Z,11.45
2025-01-26T20:00:00Z,44.27
2025-01-26T21:00:00Z,421.22
2025-01-26T22:00:00Z,560.44
2025-01-26T23:00:00Z,401.46
2025-01-27T00:00:00Z,543.61
2025-01-27T01:00:00Z,196.34
2025-01-27T02:00:00Z,1261.57
2025-01-27T03:00:00Z,615.56
2025-01-27T04:00:00Z,641.81
2025-01-27T05:00:00Z,787.08
2025-01-27T06:00:00Z,118.57
2025-01-27T07:00:00Z,884.86
2025-01-27T08:00:00Z,4586.0
2025-01-27T09:00:00Z,2576.56
2025-01-27T10:00:00Z,3095.11
2025-01-27T11:00:00Z,2799.78
2025-01-27T12:00:00Z,2519.31
2025-01-27T13:00:00Z,1726.66
2025-01-27T14:00:00Z,1863.56
2025-01-27T15:00:00Z,2772.49
2025-01-27T16:00:00Z,2747.85
2025-01-27T17:00:00Z,4494.51
2025-01-27T18:00:00Z,3608.53
2025-01-27T19:00:00Z,828.63
2025-01-27T20:00:00Z,406.7
2025-01-27T21:00:00Z,979.36
2025-01-27T22:00:00Z,332.42
2025-01-27T23:00:00Z,1236.96
2025-01-28T00:00:00Z,321.63
2025-01-28T01:00:00Z,558.22
2025-01-28T02:00:00Z,664.09
2025-01-28T03:00:00Z,1255.67
2025-01-28T04:00:00Z,782.5
2025-01-28T05:00:00Z,405.59
2025-01-28T06:00:00Z,2029.28
2025-01-28T07:00:00Z,925.39
2025-01-28T08:00:00Z,4395.0
2025-01-28T09:00:00Z,2642.64
2025-01-28T10:00:00Z,1959.83
2025-01-28T11:00:00Z,4283.77
2025-01-28T12:00:00Z,2086.11
2025-01-28T13:00:00Z,2707.19
2025-01-28T14:00:00Z,1849.12
2025-01-28T15:00:00Z,2491.43
2025-01-28T16:00:00Z,2633.45
2025-01-28T17:00:00Z,3397.48
2025-01-28T18:00:00Z,3756.62
2025-01-28T19:00:00Z,1321.02
2025-01-28T20:00:00Z,422.28
2025-01-28T21:00:00Z,618.46
2025-01-28T22:00:00Z,149.89
2025-01-28T23:00:00Z,46.64
2025-01-29T00:00:00Z,1038.79
2025-01-29T01:00:00Z,225.88
2025-01-29T02:00:00Z,818.38
2025-01-29T03:00:00Z,391.29
2025-01-29T04:00:00Z,372.36
2025-01-29T05:00:00Z,1274.91
2025-01-29T06:00:00Z,1043.82
2025-01-29T07:00:00Z,636.76
2025-01-29T08:00:00Z,2364.92
2025-01-29T09:00:00Z,4228.42
2025-01-29T10:00:00Z,3110.04
2025-01-29T11:00:00Z,3364.47
2025-01-29T12:00:00Z,2518.62
2025-01-29T13:00:00Z,3787.68
2025-01-29T14:00:00Z,2494.77
2025-01-29T15:00:00Z,3819.02
2025-01-29T16:00:00Z,3911.87
2025-01-29T17:00:00Z,3495.26
2025-01-29T18:00:00Z,2244.75
2025-01-29T19:00:00Z,119.06
2025-01-29T20:00:00Z,533.93
2025-01-29T21:00:00Z,255.64
2025-01-29T22:00:00Z,1560.8
2025-01-29T23:00:00Z,584.06
2025-01-30T00:00:00Z,1126.4
2025-01-30T01:00:00Z,374.11
2025-01-30T02:00:00Z,326.06
2025-01-30T03:00:00Z,867.98
2025-01-30T04:00:00Z,515.17
2025-01-30T05:00:00Z,357.94
2025-01-30T06:00:00Z,292.28
2025-01-30T07:00:00Z,1123.97
2025-01-30T08:00:00Z,1548.78
2025-01-30T09:00:00Z,2483.66
2025-01-30T10:00:00Z,4244.26
2025-01-30T11:00:00Z,5222.09
2025-01-30T12:00:00Z,1635.4
2025-01-30T13:00:00Z,3572.47
2025-01-30T14:00:00Z,2200.58
2025-01-30T15:00:00Z,2721.17
2025-01-30T16:00:00Z,2514.3
2025-01-30T17:00:00Z,3131.33
2025-01-30T18:00:00Z,2340.66
2025-01-30T19:00:00Z,415.0
2025-01-30T20:00:00Z,693.69
2025-01-30T21:00:00Z,427.2
2025-01-30T22:00:00Z,323.38
2025-01-30T23:00:00Z,321.38
2025-01-31T00:00:00Z,676.91
2025-01-31T01:00:00Z,110.16
2025-01-31T02:00:00Z,565.17
2025-01-31T03:00:00Z,556.12
2025-01-31T04:00:00Z,499.62
2025-01-31T05:00:00Z,636.47
2025-01-31T06:00:00Z,493.01
2025-01-31T07:00:00Z,712.06
2025-01-31T08:00:00Z,2363.64
2025-01-31T09:00:00Z,2614.55
2025-01-31T10:00:00Z,2450.14
2025-01-31T11:00:00Z,3624.28
2025-01-31T12:00:00Z,2401.44
2025-01-31T13:00:00Z,4012.06
2025-01-31T14:00:00Z,3383.94
2025-01-31T15:00:00Z,4375.54
2025-01-31T16:00:00Z,4847.47
2025-01-31T17:00:00Z,3945.12
2025-01-31T18:00:00Z,3103.12
2025-01-31T19:00:00Z,232.71
2025-01-31T20:00:00Z,975.95
2025-01-31T21:00:00Z,639.19
2025-01-31T22:00:00Z,934.22
2025-01-31T23:00:00Z,304.44
2025-02-01T00:00:00Z,778.37
2025-02-01T01:00:00Z,49.92
2025-02-01T02:00:00Z,77.88
2025-02-01T03:00:00Z,53.75
2025-02-01T04:00:00Z,211.78
2025-02-01T05:00:00Z,839.82
2025-02-01T06:00:00Z,106.22
2025-02-01T07:00:00Z,240.15
2025-02-01T08:00:00Z,2097.73
2025-02-01T09:00:00Z,1071.36
2025-02-01T10:00:00Z,1099.76
2025-02-01T11:00:00Z,1959.44
2025-02-01T12:00:00Z,1447.03
2025-02-01T13:00:00Z,1572.45
2025-02-01T14:00:00Z,2574.93
2025-02-01T15:00:00Z,1426.34
2025-02-01T16:00:00Z,881.21
2025-02-01T17:00:00Z,827.45
2025-02-01T18:00:00Z,773.99
2025-02-01T19:00:00Z,328.25
2025-02-01T20:00:00Z,178.94
2025-02-01T21:00:00Z,67.79
2025-02-01T22:00:00Z,276.52
2025-02-01T23:00:00Z,49.98
2025-02-02T00:00:00Z,817.09
2025-02-02T01:00:00Z,40.35
2025-02-02T02:00:00Z,532.23
2025-02-02T03:00:00Z,286.93
2025-02-02T04:00:00Z,374.46
2025-02-02T05:00:00Z,465.23
2025-02-02T06:00:00Z,489.95
2025-02-02T07:00:00Z,17.94
2025-02-02T08:00:00Z,1160.69
2025-02-02T09:00:00Z,2019.66
2025-02-02T10:00:00Z,2562.87
2025-02-02T11:00:00Z,1510.91
2025-02-02T12:00:00Z,1637.14
2025-02-02T13:00:00Z,684.38
2025-02-02T14:00:00Z,1728.26
2025-02-02T15:00:00Z,1430.31
2025-02-02T16:00:00Z,2446.88
2025-02-02T17:00:00Z,1164.26
2025-02-02T18:00:00Z,1122.92
2025-02-02T19:00:00Z,408.42
2025-02-02T20:00:00Z,617.33
2025-02-02T21:00:00Z,50.08
2025-02-02T22:00:00Z,422.78
2025-02-02T23:00:00Z,607.72
2025-02-03T00:00:00Z,295.5
2025-02-03T01:00:00Z,31.46
2025-02-03T02:00:00Z,61.92
2025-02-03T03:00:00Z,791.8
2025-02-03T04:00:00Z,904.16
2025-02-03T05:00:00Z,531.63
2025-02-03T06:00:00Z,445.0
2025-02-03T07:00:00Z,1221.25
2025-02-03T08:00:00Z,4061.67
2025-02-03T09:00:00Z,3133.96
2025-02-03T10:00:00Z,3163.14
2025-02-03T11:00:00Z,3718.57
2025-02-03T12:00:00Z,3836.61
2025-02-03T13:00:00Z,2598.65
2025-02-03T14:00:00Z,3087.48
2025-02-03T15:00:00Z,2699.62
2025-02-03T16:00:00Z,5691.76
2025-02-03T17:00:00Z,3345.13
2025-02-03T18:00:00Z,3219.1
2025-02-03T19:00:00Z,158.25
2025-02-03T20:00:00Z,232.04
2025-02-03T21:00:00Z,975.99
2025-02-03T22:00:00Z,1878.27
2025-02-03T23:00:00Z,606.97
2025-02-04T00:00:00Z,2069.15
2025-02-04T01:00:00Z,464.36
2025-02-04T02:00:00Z,453.6
2025-02-04T03:00:00Z,335.26
2025-02-04T04:00:00Z,1039.42
2025-02-04T05:00:00Z,783.02
2025-02-04T06:00:00Z,556.27
2025-02-04T07:00:00Z,156.35
2025-02-04T08:00:00Z,4730.39
2025-02-04T09:00:00Z,3779.0
2025-02-04T10:00:00Z,2300.6
2025-02-04T11:00:00Z,2737.25
2025-02-04T12:00:00Z,3672.6
2025-02-04T13:00:00Z,2224.4
2025-02-04T14:00:00Z,1980.2
2025-02-04T15:00:00Z,2728.71
2025-02-04T16:00:00Z,2813.1
2025-02-04T17:00:00Z,1617.37
2025-02-04T18:00:00Z,3897.82
2025-02-04T19:00:00Z,1010.35
2025-02-04T20:00:00Z,1455.12
2025-02-04T21:00:00Z,954.8
2025-02-04T22:00:00Z,156.23
2025-02-04T23:00:00Z,602.02
2025-02-05T00:00:00Z,951.53
2025-02-05T01:00:00Z,373.96
2025-02-05T02:00:00Z,344.62
2025-02-05T03:00:00Z,376.85
2025-02-05T04:00:00Z,435.49
2025-02-05T05:00:00Z,1208.82
2025-02-05T06:00:00Z,822.92
2025-02-05T07:00:00Z,1391.2
2025-02-05T08:00:00Z,4087.47
2025-02-05T09:00:00Z,3056.13
2025-02-05T10:00:00Z,2466.09
2025-02-05T11:00:00Z,2602.74
2025-02-05T12:00:00Z,2698.24
2025-02-05T13:00:00Z,3614.36
2025-02-05T14:00:00Z,5339.65
2025-02-05T15:00:00Z,3926.92
2025-02-05T16:00:00Z,4371.66
2025-02-05T17:00:00Z,3055.89
2025-02-05T18:00:00Z,3902.7
2025-02-05T19:00:00Z,258.8
2025-02-05T20:00:00Z,382.29
2025-02-05T21:00:00Z,230.32
2025-02-05T22:00:00Z,338.68
2025-02-05T23:00:00Z,215.13
2025-02-06T00:00:00Z,86.89
2025-02-06T01:00:00Z,393.23
2025-02-06T02:00:00Z,487.96
2025-02-06T03:00:00Z,272.14
2025-02-06T04:00:00Z,1875.98
2025-02-06T05:00:00Z,1637.27
2025-02-06T06:00:00Z,92.51
2025-02-06T07:00:00Z,80.01
2025-02-06T08:00:00Z,4981.18
2025-02-06T09:00:00Z,4823.67
2025-02-06T10:00:00Z,3941.26
2025-02-06T11:00:00Z,3333.01
2025-02-06T12:00:00Z,3642.76
2025-02-06T13:00:00Z,2338.33
2025-02-06T14:00:00Z,2684.57
2025-02-06T15:00:00Z,2633.23
2025-02-06T16:00:00Z,3519.02
2025-02-06T17:00:00Z,3993.33
2025-02-06T18:00:00Z,3160.3
2025-02-06T19:00:00Z,865.78
2025-02-06T20:00:00Z,234.12
2025-02-06T21:00:00Z,135.7
2025-02-06T22:00:00Z,1138.49
2025-02-06T23:00:00Z,619.23
2025-02-07T00:00:00Z,1350.58
2025-02-07T01:00:00Z,825.03
2025-02-07T02:00:00Z,505.07
2025-02-07T03:00:00Z,1299.74
2025-02-07T04:00:00Z,1627.75
2025-02-07T05:00:00Z,1004.6
2025-02-07T06:00:00Z,622.81
2025-02-07T07:00:00Z,713.59
2025-02-07T08:00:00Z,2918.79
2025-02-07T09:00:00Z,2634.9
2025-02-07T10:00:00Z,3967.85
2025-02-07T11:00:00Z,2500.58
2025-02-07T12:00:00Z,4091.91
2025-02-07T13:00:00Z,4180.36
2025-02-07T14:00:00Z,3517.46
2025-02-07T15:00:00Z,3172.86
2025-02-07T16:00:00Z,1998.5
2025-02-07T17:00:00Z,2486.28
2025-02-07T18:00:00Z,1803.18
2025-02-07T19:00:00Z,791.83
2025-02-07T20:00:00Z,805.9
2025-02-07T21:00:00Z,914.72
2025-02-07T22:00:00Z,629.46
2025-02-07T23:00:00Z,551.82
2025-02-08T00:00:00Z,335.17
2025-02-08T01:00:00Z,23.48
2025-02-08T02:00:00Z,84.61
2025-02-08T03:00:00Z,407.75
2025-02-08T04:00:00Z,30.19
2025-02-08T05:00:00Z,11.13
2025-02-08T06:00:00Z,409.33
2025-02-08T07:00:00Z,155.2
2025-02-08T08:00:00Z,1759.98
2025-02-08T09:00:00Z,1310.16
2025-02-08T10:00:00Z,554.92
2025-02-08T11:00:00Z,1054.37
2025-02-08T12:00:00Z,2069.29
2025-02-08T13:00:00Z,1493.43
2025-02-08T14:00:00Z,1961.11
2025-02-08T15:00:00Z,2365.37
2025-02-08T16:00:00Z,1500.2
2025-02-08T17:00:00Z,2202.29
2025-02-08T18:00:00Z,464.65
2025-02-08T19:00:00Z,891.65
2025-02-08T20:00:00Z,386.08
2025-02-08T21:00:00Z,3.68
2025-02-08T22:00:00Z,65.05
2025-02-08T23:00:00Z,837.25
2025-02-09T00:00:00Z,193.08
2025-02-09T01:00:00Z,362.31
2025-02-09T02:00:00Z,205.48
2025-02-09T03:00:00Z,340.61
2025-02-09T04:00:00Z,22.78
2025-02-09T05:00:00Z,519.85
2025-02-09T06:00:00Z,335.67
2025-02-09T07:00:00Z,33.0
2025-02-09T08:00:00Z,1933.3
2025-02-09T09:00:00Z,1389.37
2025-02-09T10:00:00Z,955.6
2025-02-09T11:00:00Z,2127.84
2025-02-09T12:00:00Z,2270.9
2025-02-09T13:00:00Z,917.31
2025-02-09T14:00:00Z,1327.36
2025-02-09T15:00:00Z,1711.32
2025-02-09T16:00:00Z,873.4
2025-02-09T17:00:00Z,1671.18
2025-02-09T18:00:00Z,3027.8
2025-02-09T19:00:00Z,646.31
2025-02-09T20:00:00Z,487.15
2025-02-09T21:00:00Z,326.93
2025-02-09T22:00:00Z,10.11
2025-02-09T23:00:00Z,52.54
2025-02-10T00:00:00Z,418.83
2025-02-10T01:00:00Z,1063.83
2025-02-10T02:00:00Z,79.02
2025-02-10T03:00:00Z,850.45
2025-02-10T04:00:00Z,931.21
2025-02-10T05:00:00Z,133.44
2025-02-10T06:00:00Z,234.49
2025-02-10T07:00:00Z,1970.15
2025-02-10T08:00:00Z,3523.59
2025-02-10T09:00:00Z,2161.18
2025-02-10T10:00:00Z,1409.86
2025-02-10T11:00:00Z,3685.06
2025-02-10T12:00:00Z,4178.55
2025-02-10T13:00:00Z,2864.29
2025-02-10T14:00:00Z,2779.42
2025-02-10T15:00:00Z,2316.87
2025-02-10T16:00:00Z,3702.01
2025-02-10T17:00:00Z,2403.72
2025-02-10T18:00:00Z,2672.68
2025-02-10T19:00:00Z,810.03
2025-02-10T20:00:00Z,848.48
2025-02-10T21:00:00Z,598.33
2025-02-10T22:00:00Z,105.86
2025-02-10T23:00:00Z,930.45
2025-02-11T00:00:00Z,354.25
2025-02-11T01:00:00Z,615.06
2025-02-11T02:00:00Z,540.24
2025-02-11T03:00:00Z,753.18
2025-02-11T04:00:00Z,508.74
2025-02-11T05:00:00Z,81.64
2025-02-11T06:00:00Z,248.38
2025-02-11T07:00:00Z,358.37
2025-02-11T08:00:00Z,2276.9
2025-02-11T09:00:00Z,1837.84
2025-02-11T10:00:00Z,4350.27
2025-02-11T11:00:00Z,2949.89
2025-02-11T12:00:00Z,3380.94
2025-02-11T13:00:00Z,3084.88
2025-02-11T14:00:00Z,3451.12
2025-02-11T15:00:00Z,2828.37
2025-02-11T16:00:00Z,5634.07
2025-02-11T17:00:00Z,3157.38
2025-02-11T18:00:00Z,4446.07
2025-02-11T19:00:00Z,476.96
2025-02-11T20:00:00Z,1489.96
2025-02-11T21:00:00Z,985.26
2025-02-11T22:00:00Z,275.77
2025-02-11T23:00:00Z,975.6
2025-02-12T00:00:00Z,1764.16
2025-02-12T01:00:00Z,477.67
2025-02-12T02:00:00Z,1092.96
2025-02-12T03:00:00Z,399.61
2025-02-12T04:00:00Z,683.95
2025-02-12T05:00:00Z,521.23
2025-02-12T06:00:00Z,535.53
2025-02-12T07:00:00Z,300.06
2025-02-12T08:00:00Z,2158.72
2025-02-12T09:00:00Z,4057.21
2025-02-12T10:00:00Z,2294.32
2025-02-12T11:00:00Z,3536.91
2025-02-12T12:00:00Z,3834.15
2025-02-12T13:00:00Z,3017.72
2025-02-12T14:00:00Z,4053.88
2025-02-12T15:00:00Z,2864.14
2025-02-12T16:00:00Z,5733.71
2025-02-12T17:00:00Z,3185.04
2025-02-12T18:00:00Z,2149.54
2025-02-12T19:00:00Z,882.36
2025-02-12T20:00:00Z,75.09
2025-02-12T21:00:00Z,349.7
2025-02-12T22:00:00Z,1072.3
2025-02-12T23:00:00Z,367.68
2025-02-13T00:00:00Z,764.66
2025-02-13T01:00:00Z,924.81
2025-02-13T02:00:00Z,414.76
2025-02-13T03:00:00Z,143.99
2025-02-13T04:00:00Z,131.42
2025-02-13T05:00:00Z,533.09
2025-02-13T06:00:00Z,1190.68
2025-02-13T07:00:00Z,563.36
2025-02-13T08:00:00Z,6362.6
2025-02-13T09:00:00Z,2159.77
2025-02-13T10:00:00Z,3136.12
2025-02-13T11:00:00Z,2901.61
2025-02-13T12:00:00Z,3846.84
2025-02-13T13:00:00Z,4758.41
2025-02-13T14:00:00Z,3266.37
2025-02-13T15:00:00Z,1785.72
2025-02-13T16:00:00Z,1981.83
2025-02-13T17:00:00Z,3830.11
2025-02-13T18:00:00Z,2625.45
2025-02-13T19:00:00Z,761.43
2025-02-13T20:00:00Z,556.35
2025-02-13T21:00:00Z,772.53
2025-02-13T22:00:00Z,675.13
2025-02-13T23:00:00Z,467.36
2025-02-14T00:00:00Z,232.79
2025-02-14T01:00:00Z,1383.97
2025-02-14T02:00:00Z,1309.22
2025-02-14T03:00:00Z,851.2
2025-02-14T04:00:00Z,1013.88
2025-02-14T05:00:00Z,413.12
2025-02-14T06:00:00Z,663.64
2025-02-14T07:00:00Z,237.94
2025-02-14T08:00:00Z,2929.54
2025-02-14T09:00:00Z,4408.57
2025-02-14T10:00:00Z,4372.53
2025-02-14T11:00:00Z,2805.01
2025-02-14T12:00:00Z,3702.76
2025-02-14T13:00:00Z,3169.98
2025-02-14T14:00:00Z,3479.05
2025-02-14T15:00:00Z,1376.57
2025-02-14T16:00:00Z,4179.58
2025-02-14T17:00:00Z,3317.44
2025-02-14T18:00:00Z,4622.15
2025-02-14T19:00:00Z,1089.02
2025-02-14T20:00:00Z,14.75
2025-02-14T21:00:00Z,621.52
2025-02-14T22:00:00Z,744.79
2025-02-14T23:00:00Z,1044.25
2025-02-15T00:00:00Z,404.15
2025-02-15T01:00:00Z,52.32
2025-02-15T02:00:00Z,26.31
2025-02-15T03:00:00Z,355.02
2025-02-15T04:00:00Z,734.6
2025-02-15T05:00:00Z,302.71
2025-02-15T06:00:00Z,206.84
2025-02-15T07:00:00Z,630.72
2025-02-15T08:00:00Z,581.41
2025-02-15T09:00:00Z,703.44
2025-02-15T10:00:00Z,2701.33
2025-02-15T11:00:00Z,512.72
2025-02-15T12:00:00Z,2009.76
2025-02-15T13:00:00Z,2522.03
2025-02-15T14:00:00Z,1647.17
2025-02-15T15:00:00Z,897.19
2025-02-15T16:00:00Z,2599.5
2025-02-15T17:00:00Z,1071.9
2025-02-15T18:00:00Z,2374.17
2025-02-15T19:00:00Z,301.93
2025-02-15T20:00:00Z,949.98
2025-02-15T21:00:00Z,1.11
2025-02-15T22:00:00Z,442.99
2025-02-15T23:00:00Z,521.87
2025-02-16T00:00:00Z,489.6
2025-02-16T01:00:00Z,272.47
2025-02-16T02:00:00Z,661.77
2025-02-16T03:00:00Z,14.85
2025-02-16T04:00:00Z,77.22
2025-02-16T05:00:00Z,657.53
2025-02-16T06:00:00Z,512.8
2025-02-16T07:00:00Z,72.44
2025-02-16T08:00:00Z,1279.2
2025-02-16T09:00:00Z,1536.87
2025-02-16T10:00:00Z,2166.7
2025-02-16T11:00:00Z,2332.33
2025-02-16T12:00:00Z,1898.88
2025-02-16T13:00:00Z,2284.52
2025-02-16T14:00:00Z,1043.39
2025-02-16T15:00:00Z,2051.72
2025-02-16T16:00:00Z,2499.64
2025-02-16T17:00:00Z,2173.6
2025-02-16T18:00:00Z,883.57
2025-02-16T19:00:00Z,285.12
2025-02-16T20:00:00Z,323.11
2025-02-16T21:00:00Z,6.73
2025-02-16T22:00:00Z,647.1
2025-02-16T23:00:00Z,398.09
2025-02-17T00:00:00Z,557.02
2025-02-17T01:00:00Z,870.05
2025-02-17T02:00:00Z,1469.48
2025-02-17T03:00:00Z,1535.52
2025-02-17T04:00:00Z,1405.14
2025-02-17T05:00:00Z,429.28
2025-02-17T06:00:00Z,504.48
2025-02-17T07:00:00Z,711.86
2025-02-17T08:00:00Z,4578.86
2025-02-17T09:00:00Z,3175.07
2025-02-17T10:00:00Z,3059.34
2025-02-17T11:00:00Z,4049.81
2025-02-17T12:00:00Z,3266.48
2025-02-17T13:00:00Z,4440.66
2025-02-17T14:00:00Z,3155.7
2025-02-17T15:00:00Z,3406.29
2025-02-17T16:00:00Z,5101.36
2025-02-17T17:00:00Z,3069.77
2025-02-17T18:00:00Z,1878.31
2025-02-17T19:00:00Z,15.06
2025-02-17T20:00:00Z,1260.63
2025-02-17T21:00:00Z,278.85
2025-02-17T22:00:00Z,129.4
2025-02-17T23:00:00Z,64.34
2025-02-18T00:00:00Z,641.1
2025-02-18T01:00:00Z,181.56
2025-02-18T02:00:00Z,1971.57
2025-02-18T03:00:00Z,1336.34
2025-02-18T04:00:00Z,352.28
2025-02-18T05:00:00Z,675.3
2025-02-18T06:00:00Z,146.6
2025-02-18T07:00:00Z,538.92
2025-02-18T08:00:00Z,2044.0
2025-02-18T09:00:00Z,3821.28
2025-02-18T10:00:00Z,3488.31
2025-02-18T11:00:00Z,1770.33
2025-02-18T12:00:00Z,4465.15
2025-02-18T13:00:00Z,4623.06
2025-02-18T14:00:00Z,4485.5
2025-02-18T15:00:00Z,2984.28
2025-02-18T16:00:00Z,2734.86
2025-02-18T17:00:00Z,4979.29
2025-02-18T18:00:00Z,1727.38
2025-02-18T19:00:00Z,545.18
2025-02-18T20:00:00Z,1156.97
2025-02-18T21:00:00Z,782.56
2025-02-18T22:00:00Z,866.39
2025-02-18T23:00:00Z,424.88
2025-02-19T00:00:00Z,440.5
2025-02-19T01:00:00Z,77.02
2025-02-19T02:00:00Z,514.39
2025-02-19T03:00:00Z,253.81
2025-02-19T04:00:00Z,363.06
2025-02-19T05:00:00Z,1745.61
2025-02-19T06:00:00Z,1677.21
2025-02-19T07:00:00Z,477.2
2025-02-19T08:00:00Z,3047.74
2025-02-19T09:00:00Z,2918.26
2025-02-19T10:00:00Z,3340.7
2025-02-19T11:00:00Z,2509.2
2025-02-19T12:00:00Z,3389.26
2025-02-19T13:00:00Z,2850.34
2025-02-19T14:00:00Z,3095.57
2025-02-19T15:00:00Z,3978.48
2025-02-19T16:00:00Z,3111.42
2025-02-19T17:00:00Z,2184.46
2025-02-19T18:00:00Z,2671.96
2025-02-19T19:00:00Z,363.96
2025-02-19T20:00:00Z,960.77
2025-02-19T21:00:00Z,795.92
2025-02-19T22:00:00Z,1243.87
2025-02-19T23:00:00Z,450.91
2025-02-20T00:00:00Z,488.45
2025-02-20T01:00:00Z,23.62
2025-02-20T02:00:00Z,315.39
2025-02-20T03:00:00Z,518.94
2025-02-20T04:00:00Z,932.67
2025-02-20T05:00:00Z,609.51
2025-02-20T06:00:00Z,328.35
2025-02-20T07:00:00Z,80.41
2025-02-20T08:00:00Z,4088.04
2025-02-20T09:00:00Z,2711.38
2025-02-20T10:00:00Z,2017.28
2025-02-20T11:00:00Z,4452.74
2025-02-20T12:00:00Z,3400.93
2025-02-20T13:00:00Z,3407.86
2025-02-20T14:00:00Z,4984.09
2025-02-20T15:00:00Z,2975.44
2025-02-20T16:00:00Z,4395.35
2025-02-20T17:00:00Z,2936.3
2025-02-20T18:00:00Z,2054.28
2025-02-20T19:00:00Z,1078.36
2025-02-20T20:00:00Z,732.22
2025-02-20T21:00:00Z,73.93
2025-02-20T22:00:00Z,415.18
2025-02-20T23:00:00Z,1120.29
2025-02-21T00:00:00Z,866.28
2025-02-21T01:00:00Z,305.21
2025-02-21T02:00:00Z,859.58
2025-02-21T03:00:00Z,808.82
2025-02-21T04:00:00Z,519.86
2025-02-21T05:00:00Z,658.76
2025-02-21T06:00:00Z,1043.18
2025-02-21T07:00:00Z,97.41
2025-02-21T08:00:00Z,3877.93
2025-02-21T09:00:00Z,3829.29
2025-02-21T10:00:00Z,2837.06
2025-02-21T11:00:00Z,2139.88
2025-02-21T12:00:00Z,4356.94
2025-02-21T13:00:00Z,2501.29
2025-02-21T14:00:00Z,2170.3
2025-02-21T15:00:00Z,4612.02
2025-02-21T16:00:00Z,2343.95
2025-02-21T17:00:00Z,1872.86
2025-02-21T18:00:00Z,4193.31
2025-02-21T19:00:00Z,764.49
2025-02-21T20:00:00Z,1315.7
2025-02-21T21:00:00Z,358.79
2025-02-21T22:00:00Z,133.6
2025-02-21T23:00:00Z,788.75
2025-02-22T00:00:00Z,369.36
2025-02-22T01:00:00Z,314.28
2025-02-22T02:00:00Z,327.23
2025-02-22T03:00:00Z,144.38
2025-02-22T04:00:00Z,398.72
2025-02-22T05:00:00Z,84.53
2025-02-22T06:00:00Z,348.7
2025-02-22T07:00:00Z,426.0
2025-02-22T08:00:00Z,1849.93
2025-02-22T09:00:00Z,2571.35
2025-02-22T10:00:00Z,1912.85
2025-02-22T11:00:00Z,738.72
2025-02-22T12:00:00Z,3616.3
2025-02-22T13:00:00Z,1685.25
2025-02-22T14:00:00Z,1452.9
2025-02-22T15:00:00Z,2643.72
2025-02-22T16:00:00Z,989.95
2025-02-22T17:00:00Z,1566.15
2025-02-22T18:00:00Z,1847.36
2025-02-22T19:00:00Z,157.78
2025-02-22T20:00:00Z,11.39
2025-02-22T21:00:00Z,622.31
2025-02-22T22:00:00Z,418.67
2025-02-22T23:00:00Z,43.55
2025-02-23T00:00:00Z,109.97
2025-02-23T01:00:00Z,221.66
2025-02-23T02:00:00Z,280.88
2025-02-23T03:00:00Z,410.62
2025-02-23T04:00:00Z,417.15
2025-02-23T05:00:00Z,20.6
2025-02-23T06:00:00Z,780.41
2025-02-23T07:00:00Z,256.92
2025-02-23T08:00:00Z,3200.79
2025-02-23T09:00:00Z,1929.59
2025-02-23T10:00:00Z,1645.08
2025-02-23T11:00:00Z,1137.56
2025-02-23T12:00:00Z,631.66
2025-02-23T13:00:00Z,360.97
2025-02-23T14:00:00Z,297.15
2025-02-23T15:00:00Z,1394.35
2025-02-23T16:00:00Z,1194.02
2025-02-23T17:00:00Z,1403.94
2025-02-23T18:00:00Z,2311.15
2025-02-23T19:00:00Z,462.84
2025-02-23T20:00:00Z,19.7
2025-02-23T21:00:00Z,749.82
2025-02-23T22:00:00Z,11.55
2025-02-23T23:00:00Z,120.86
2025-02-24T00:00:00Z,470.78
2025-02-24T01:00:00Z,672.36
2025-02-24T02:00:00Z,344.01
2025-02-24T03:00:00Z,410.85
2025-02-24T04:00:00Z,428.44
2025-02-24T05:00:00Z,645.37
2025-02-24T06:00:00Z,89.06
2025-02-24T07:00:00Z,539.35
2025-02-24T08:00:00Z,2448.02
2025-02-24T09:00:00Z,2936.07
2025-02-24T10:00:00Z,3770.92
2025-02-24T11:00:00Z,2753.13
2025-02-24T12:00:00Z,3957.24
2025-02-24T13:00:00Z,3916.0
2025-02-24T14:00:00Z,3438.59
2025-02-24T15:00:00Z,2626.08
2025-02-24T16:00:00Z,5173.74
2025-02-24T17:00:00Z,1861.1
2025-02-24T18:00:00Z,4496.02
2025-02-24T19:00:00Z,259.33
2025-02-24T20:00:00Z,916.15
2025-02-24T21:00:00Z,418.51
2025-02-24T22:00:00Z,1122.17
2025-02-24T23:00:00Z,192.06
2025-02-25T00:00:00Z,138.59
2025-02-25T01:00:00Z,305.19
2025-02-25T02:00:00Z,899.09
2025-02-25T03:00:00Z,239.51
2025-02-25T04:00:00Z,865.39
2025-02-25T05:00:00Z,50.46
2025-02-25T06:00:00Z,297.44
2025-02-25T07:00:00Z,794.34
2025-02-25T08:00:00Z,3743.78
2025-02-25T09:00:00Z,3995.76
2025-02-25T10:00:00Z,3176.41
2025-02-25T11:00:00Z,3852.37
2025-02-25T12:00:00Z,2875.04
2025-02-25T13:00:00Z,2078.21
2025-02-25T14:00:00Z,1947.3
2025-02-25T15:00:00Z,2806.57
2025-02-25T16:00:00Z,2848.59
2025-02-25T17:00:00Z,3349.05
2025-02-25T18:00:00Z,2090.96
2025-02-25T19:00:00Z,683.77
2025-02-25T20:00:00Z,264.61
2025-02-25T21:00:00Z,1346.33
2025-02-25T22:00:00Z,1336.89
2025-02-25T23:00:00Z,1301.35
2025-02-26T00:00:00Z,606.23
2025-02-26T01:00:00Z,740.72
2025-02-26T02:00:00Z,253.48
2025-02-26T03:00:00Z,487.88
2025-02-26T04:00:00Z,723.02
2025-02-26T05:00:00Z,707.87
2025-02-26T06:00:00Z,163.53
2025-02-26T07:00:00Z,333.01
2025-02-26T08:00:00Z,4329.18
2025-02-26T09:00:00Z,3025.35
2025-02-26T10:00:00Z,3081.01
2025-02-26T11:00:00Z,4018.47
2025-02-26T12:00:00Z,3604.82
2025-02-26T13:00:00Z,1463.82
2025-02-26T14:00:00Z,1934.2
2025-02-26T15:00:00Z,5086.06
2025-02-26T16:00:00Z,3345.23
2025-02-26T17:00:00Z,2248.53
2025-02-26T18:00:00Z,3357.2
2025-02-26T19:00:00Z,568.93
2025-02-26T20:00:00Z,1381.83
2025-02-26T21:00:00Z,631.35
2025-02-26T22:00:00Z,130.84
2025-02-26T23:00:00Z,1335.98
2025-02-27T00:00:00Z,323.99
2025-02-27T01:00:00Z,432.23
2025-02-27T02:00:00Z,344.21
2025-02-27T03:00:00Z,1991.7
2025-02-27T04:00:00Z,373.12
2025-02-27T05:00:00Z,173.4
2025-02-27T06:00:00Z,778.85
2025-02-27T07:00:00Z,404.36
2025-02-27T08:00:00Z,1953.54
2025-02-27T09:00:00Z,3519.48
2025-02-27T10:00:00Z,4813.16
2025-02-27T11:00:00Z,3244.13
2025-02-27T12:00:00Z,3481.34
2025-02-27T13:00:00Z,3391.87
2025-02-27T14:00:00Z,4264.75
2025-02-27T15:00:00Z,2241.24
2025-02-27T16:00:00Z,2641.75
2025-02-27T17:00:00Z,3666.51
2025-02-27T18:00:00Z,2030.18
2025-02-27T19:00:00Z,640.82
2025-02-27T20:00:00Z,1258.62
2025-02-27T21:00:00Z,781.15
2025-02-27T22:00:00Z,412.61
2025-02-27T23:00:00Z,497.42
2025-02-28T00:00:00Z,842.33
2025-02-28T01:00:00Z,895.41
2025-02-28T02:00:00Z,203.49
2025-02-28T03:00:00Z,1168.37
2025-02-28T04:00:00Z,443.52
2025-02-28T05:00:00Z,327.0
2025-02-28T06:00:00Z,1104.67
2025-02-28T07:00:00Z,251.45
2025-02-28T08:00:00Z,2385.98
2025-02-28T09:00:00Z,2505.37
2025-02-28T10:00:00Z,3403.45
2025-02-28T11:00:00Z,2103.03
2025-02-28T12:00:00Z,2904.7
2025-02-28T13:00:00Z,3273.9
2025-02-28T14:00:00Z,4229.42
2025-02-28T15:00:00Z,3715.41
2025-02-28T16:00:00Z,5127.96
2025-02-28T17:00:00Z,2627.91
2025-02-28T18:00:00Z,3687.03
2025-02-28T19:00:00Z,421.76
2025-02-28T20:00:00Z,881.95
2025-02-28T21:00:00Z,1103.48
2025-02-28T22:00:00Z,21.56
2025-02-28T23:00:00Z,573.38
2025-03-01T00:00:00Z,195.92
2025-03-01T01:00:00Z,23.06
2025-03-01T02:00:00Z,545.51
2025-03-01T03:00:00Z,293.98
2025-03-01T04:00:00Z,353.17
2025-03-01T05:00:00Z,219.78
2025-03-01T06:00:00Z,44.99
2025-03-01T07:00:00Z,76.73
2025-03-01T08:00:00Z,2899.47
2025-03-01T09:00:00Z,1519.19
2025-03-01T10:00:00Z,2674.76
2025-03-01T11:00:00Z,2376.77
2025-03-01T12:00:00Z,920.95
2025-03-01T13:00:00Z,2005.67
2025-03-01T14:00:00Z,894.03
2025-03-01T15:00:00Z,1876.2
2025-03-01T16:00:00Z,2206.02
2025-03-01T17:00:00Z,1084.59
2025-03-01T18:00:00Z,450.93
2025-03-01T19:00:00Z,872.16
2025-03-01T20:00:00Z,268.22
2025-03-01T21:00:00Z,512.27
2025-03-01T22:00:00Z,69.26
2025-03-01T23:00:00Z,518.09
2025-03-02T00:00:00Z,100.45
2025-03-02T01:00:00Z,124.28
2025-03-02T02:00:00Z,231.13
2025-03-02T03:00:00Z,14.76
2025-03-02T04:00:00Z,313.54
2025-03-02T05:00:00Z,236.34
2025-03-02T06:00:00Z,323.88
2025-03-02T07:00:00Z,277.32
2025-03-02T08:00:00Z,1445.87
2025-03-02T09:00:00Z,1443.66
2025-03-02T10:00:00Z,2142.45
2025-03-02T11:00:00Z,1275.05
2025-03-02T12:00:00Z,793.43
2025-03-02T13:00:00Z,2615.69
2025-03-02T14:00:00Z,1057.61
2025-03-02T15:00:00Z,1886.4
2025-03-02T16:00:00Z,1835.94
2025-03-02T17:00:00Z,2422.13
2025-03-02T18:00:00Z,949.88
2025-03-02T19:00:00Z,630.46
2025-03-02T20:00:00Z,9.25
2025-03-02T21:00:00Z,102.89
2025-03-02T22:00:00Z,13.05
2025-03-02T23:00:00Z,212.65
2025-03-03T00:00:00Z,509.21
2025-03-03T01:00:00Z,380.57
2025-03-03T02:00:00Z,1167.96
2025-03-03T03:00:00Z,1341.74
2025-03-03T04:00:00Z,416.2
2025-03-03T05:00:00Z,1319.16
2025-03-03T06:00:00Z,836.81
2025-03-03T07:00:00Z,532.9
2025-03-03T08:00:00Z,3782.96
2025-03-03T09:00:00Z,3523.71
2025-03-03T10:00:00Z,1962.44
2025-03-03T11:00:00Z,2346.06
2025-03-03T12:00:00Z,3706.17
2025-03-03T13:00:00Z,3122.32
2025-03-03T14:00:00Z,4243.9
2025-03-03T15:00:00Z,4041.31
2025-03-03T16:00:00Z,3676.05
2025-03-03T17:00:00Z,4062.14
2025-03-03T18:00:00Z,3231.12
2025-03-03T19:00:00Z,592.33
2025-03-03T20:00:00Z,882.08
2025-03-03T21:00:00Z,1015.51
2025-03-03T22:00:00Z,378.88
2025-03-03T23:00:00Z,209.13
2025-03-04T00:00:00Z,688.1
2025-03-04T01:00:00Z,424.25
2025-03-04T02:00:00Z,572.54
2025-03-04T03:00:00Z,2111.04
2025-03-04T04:00:00Z,43.99
2025-03-04T05:00:00Z,791.18
2025-03-04T06:00:00Z,652.71
2025-03-04T07:00:00Z,1085.2
2025-03-04T08:00:00Z,1945.8
2025-03-04T09:00:00Z,3242.05
2025-03-04T10:00:00Z,2902.78
2025-03-04T11:00:00Z,2816.55
2025-03-04T12:00:00Z,3728.22
2025-03-04T13:00:00Z,2874.28
2025-03-04T14:00:00Z,1963.76
2025-03-04T15:00:00Z,2357.34
2025-03-04T16:00:00Z,2907.97
2025-03-04T17:00:00Z,3526.47
2025-03-04T18:00:00Z,3511.79
2025-03-04T19:00:00Z,647.97
2025-03-04T20:00:00Z,110.05
2025-03-04T21:00:00Z,2471.21
2025-03-04T22:00:00Z,2234.14
2025-03-04T23:00:00Z,2931.5
2025-03-05T00:00:00Z,3497.42
2025-03-05T01:00:00Z,1687.15
2025-03-05T02:00:00Z,2609.24
2025-03-05T03:00:00Z,2202.02
2025-03-05T04:00:00Z,2606.17
2025-03-05T05:00:00Z,3942.54
2025-03-05T06:00:00Z,1224.89
2025-03-05T07:00:00Z,724.12
2025-03-05T08:00:00Z,3491.03
2025-03-05T09:00:00Z,2439.92
2025-03-05T10:00:00Z,3158.58
2025-03-05T11:00:00Z,1941.3
2025-03-05T12:00:00Z,3198.07
2025-03-05T13:00:00Z,2825.2
2025-03-05T14:00:00Z,3355.65
2025-03-05T15:00:00Z,2838.46
2025-03-05T16:00:00Z,1542.43
2025-03-05T17:00:00Z,3880.95
2025-03-05T18:00:00Z,3225.82
2025-03-05T19:00:00Z,236.47
2025-03-05T20:00:00Z,435.2
2025-03-05T21:00:00Z,690.75
2025-03-05T22:00:00Z,435.18
2025-03-05T23:00:00Z,966.15
2025-03-06T00:00:00Z,519.13
2025-03-06T01:00:00Z,793.53
2025-03-06T02:00:00Z,410.26
2025-03-06T03:00:00Z,38.57
2025-03-06T04:00:00Z,653.2
2025-03-06T05:00:00Z,490.8
2025-03-06T06:00:00Z,322.4
2025-03-06T07:00:00Z,886.28
2025-03-06T08:00:00Z,2817.54
2025-03-06T09:00:00Z,2502.7
2025-03-06T10:00:00Z,3099.16
2025-03-06T11:00:00Z,1808.66
2025-03-06T12:00:00Z,3341.02
2025-03-06T13:00:00Z,5034.92
2025-03-06T14:00:00Z,3831.38
2025-03-06T15:00:00Z,3958.51
2025-03-06T16:00:00Z,3266.45
2025-03-06T17:00:00Z,1906.81
2025-03-06T18:00:00Z,2590.1
2025-03-06T19:00:00Z,192.47
2025-03-06T20:00:00Z,761.64
2025-03-06T21:00:00Z,72.28
2025-03-06T22:00:00Z,589.76
2025-03-06T23:00:00Z,635.43
2025-03-07T00:00:00Z,1364.65
2025-03-07T01:00:00Z,758.93
2025-03-07T02:00:00Z,777.18
2025-03-07T03:00:00Z,898.51
2025-03-07T04:00:00Z,756.26
2025-03-07T05:00:00Z,50.13
2025-03-07T06:00:00Z,1160.37
2025-03-07T07:00:00Z,597.7
2025-03-07T08:00:00Z,3681.35
2025-03-07T09:00:00Z,3822.04
2025-03-07T10:00:00Z,3942.91
2025-03-07T11:00:00Z,1685.49
2025-03-07T12:00:00Z,4815.13
2025-03-07T13:00:00Z,3099.75
2025-03-07T14:00:00Z,3180.57
2025-03-07T15:00:00Z,5015.46
2025-03-07T16:00:00Z,2339.87
2025-03-07T17:00:00Z,3279.81
2025-03-07T18:00:00Z,2083.36
2025-03-07T19:00:00Z,78.86
2025-03-07T20:00:00Z,936.95
2025-03-07T21:00:00Z,1010.85
2025-03-07T22:00:00Z,835.29
2025-03-07T23:00:00Z,1097.46
2025-03-08T00:00:00Z,11.67
2025-03-08T01:00:00Z,688.51
2025-03-08T02:00:00Z,828.32
2025-03-08T03:00:00Z,526.65
2025-03-08T04:00:00Z,48.96
2025-03-08T05:00:00Z,688.87
2025-03-08T06:00:00Z,7.43
2025-03-08T07:00:00Z,6.54
2025-03-08T08:00:00Z,1007.03
2025-03-08T09:00:00Z,1725.69
2025-03-08T10:00:00Z,693.27
2025-03-08T11:00:00Z,1368.05
2025-03-08T12:00:00Z,1498.29
2025-03-08T13:00:00Z,2360.56
2025-03-08T14:00:00Z,1302.76
2025-03-08T15:00:00Z,1089.81
2025-03-08T16:00:00Z,1937.99
2025-03-08T17:00:00Z,1900.44
2025-03-08T18:00:00Z,1807.42
2025-03-08T19:00:00Z,669.93
2025-03-08T20:00:00Z,216.11
2025-03-08T21:00:00Z,72.8
2025-03-08T22:00:00Z,350.57
2025-03-08T23:00:00Z,831.41
2025-03-09T00:00:00Z,591.36
2025-03-09T01:00:00Z,36.74
2025-03-09T02:00:00Z,86.13
2025-03-09T03:00:00Z,695.59
2025-03-09T04:00:00Z,296.9
2025-03-09T05:00:00Z,647.37
2025-03-09T06:00:00Z,699.35
2025-03-09T07:00:00Z,1536.99
2025-03-09T08:00:00Z,1253.11
2025-03-09T09:00:00Z,942.42
2025-03-09T10:00:00Z,1246.75
2025-03-09T11:00:00Z,1844.93
2025-03-09T12:00:00Z,1780.92
2025-03-09T13:00:00Z,1991.94
2025-03-09T14:00:00Z,1900.25
2025-03-09T15:00:00Z,1174.14
2025-03-09T16:00:00Z,1125.07
2025-03-09T17:00:00Z,1398.98
2025-03-09T18:00:00Z,1285.91
2025-03-09T19:00:00Z,1031.45
2025-03-09T20:00:00Z,53.14
2025-03-09T21:00:00Z,257.71
2025-03-09T22:00:00Z,296.54
2025-03-09T23:00:00Z,3.79
2025-03-10T00:00:00Z,569.37
2025-03-10T01:00:00Z,1638.24
2025-03-10T02:00:00Z,645.38
2025-03-10T03:00:00Z,573.59
2025-03-10T04:00:00Z,832.59
2025-03-10T05:00:00Z,1301.8
2025-03-10T06:00:00Z,1113.02
2025-03-10T07:00:00Z,427.32
2025-03-10T08:00:00Z,2901.12
2025-03-10T09:00:00Z,3328.3
2025-03-10T10:00:00Z,2883.69
2025-03-10T11:00:00Z,4906.41
2025-03-10T12:00:00Z,4226.29
2025-03-10T13:00:00Z,3533.78
2025-03-10T14:00:00Z,3857.65
2025-03-10T15:00:00Z,3435.9
2025-03-10T16:00:00Z,3196.73
2025-03-10T17:00:00Z,4091.28
2025-03-10T18:00:00Z,4062.13
2025-03-10T19:00:00Z,270.94
2025-03-10T20:00:00Z,861.13
2025-03-10T21:00:00Z,423.56
2025-03-10T22:00:00Z,906.65
2025-03-10T23:00:00Z,444.55
2025-03-11T00:00:00Z,434.97
2025-03-11T01:00:00Z,423.39
2025-03-11T02:00:00Z,87.06
2025-03-11T03:00:00Z,375.13
2025-03-11T04:00:00Z,799.81
2025-03-11T05:00:00Z,276.85
2025-03-11T06:00:00Z,125.11
2025-03-11T07:00:00Z,512.31
2025-03-11T08:00:00Z,3891.16
2025-03-11T09:00:00Z,3092.07
2025-03-11T10:00:00Z,3096.66
2025-03-11T11:00:00Z,3752.44
2025-03-11T12:00:00Z,4156.97
2025-03-11T13:00:00Z,3843.65
2025-03-11T14:00:00Z,3679.73
2025-03-11T15:00:00Z,2322.21
2025-03-11T16:00:00Z,3714.75
2025-03-11T17:00:00Z,4208.48
2025-03-11T18:00:00Z,5407.23
2025-03-11T19:00:00Z,515.35
2025-03-11T20:00:00Z,571.68
2025-03-11T21:00:00Z,853.85
2025-03-11T22:00:00Z,406.7
2025-03-11T23:00:00Z,752.46
2025-03-12T00:00:00Z,1505.08
2025-03-12T01:00:00Z,570.69
2025-03-12T02:00:00Z,311.17
2025-03-12T03:00:00Z,973.26
2025-03-12T04:00:00Z,109.49
2025-03-12T05:00:00Z,490.46
2025-03-12T06:00:00Z,454.96
2025-03-12T07:00:00Z,149.0
2025-03-12T08:00:00Z,2444.66
2025-03-12T09:00:00Z,2637.35
2025-03-12T10:00:00Z,4188.11
2025-03-12T11:00:00Z,3803.67
2025-03-12T12:00:00Z,3102.53
2025-03-12T13:00:00Z,1665.51
2025-03-12T14:00:00Z,2304.09
2025-03-12T15:00:00Z,3363.68
2025-03-12T16:00:00Z,3140.3
2025-03-12T17:00:00Z,3612.0
2025-03-12T18:00:00Z,4529.67
2025-03-12T19:00:00Z,442.7
2025-03-12T20:00:00Z,542.34
2025-03-12T21:00:00Z,1106.54
2025-03-12T22:00:00Z,1390.55
2025-03-12T23:00:00Z,245.51
2025-03-13T00:00:00Z,578.53
2025-03-13T01:00:00Z,452.97
2025-03-13T02:00:00Z,902.24
2025-03-13T03:00:00Z,845.7
2025-03-13T04:00:00Z,989.33
2025-03-13T05:00:00Z,367.44
2025-03-13T06:00:00Z,570.53
2025-03-13T07:00:00Z,577.91
2025-03-13T08:00:00Z,2501.93
2025-03-13T09:00:00Z,3088.96
2025-03-13T10:00:00Z,4141.65
2025-03-13T11:00:00Z,4425.83
2025-03-13T12:00:00Z,3453.73
2025-03-13T13:00:00Z,4109.2
2025-03-13T14:00:00Z,2955.76
2025-03-13T15:00:00Z,2618.66
2025-03-13T16:00:00Z,3271.95
2025-03-13T17:00:00Z,1847.89
2025-03-13T18:00:00Z,3284.34
2025-03-13T19:00:00Z,1119.36
2025-03-13T20:00:00Z,90.65
2025-03-13T21:00:00Z,729.93
2025-03-13T22:00:00Z,331.2
2025-03-13T23:00:00Z,1504.45
2025-03-14T00:00:00Z,359.31
2025-03-14T01:00:00Z,425.92
2025-03-14T02:00:00Z,625.3
2025-03-14T03:00:00Z,680.66
2025-03-14T04:00:00Z,415.41
2025-03-14T05:00:00Z,156.96
2025-03-14T06:00:00Z,540.89
2025-03-14T07:00:00Z,77.09
2025-03-14T08:00:00Z,3561.02
2025-03-14T09:00:00Z,2985.38
2025-03-14T10:00:00Z,5193.74
2025-03-14T11:00:00Z,3680.64
2025-03-14T12:00:00Z,3852.85
2025-03-14T13:00:00Z,4521.39
2025-03-14T14:00:00Z,3619.77
2025-03-14T15:00:00Z,3729.69
2025-03-14T16:00:00Z,3928.48
2025-03-14T17:00:00Z,3480.91
2025-03-14T18:00:00Z,3034.08
2025-03-14T19:00:00Z,945.74
2025-03-14T20:00:00Z,1179.5
2025-03-14T21:00:00Z,662.15
2025-03-14T22:00:00Z,4.08
2025-03-14T23:00:00Z,1682.68
2025-03-15T00:00:00Z,127.93
2025-03-15T01:00:00Z,39.84
2025-03-15T02:00:00Z,359.92
2025-03-15T03:00:00Z,17.75
2025-03-15T04:00:00Z,56.68
2025-03-15T05:00:00Z,552.06
2025-03-15T06:00:00Z,856.73
2025-03-15T07:00:00Z,20.44
2025-03-15T08:00:00Z,1210.26
2025-03-15T09:00:00Z,2617.77
2025-03-15T10:00:00Z,1445.94
2025-03-15T11:00:00Z,1498.08
2025-03-15T12:00:00Z,2521.24
2025-03-15T13:00:00Z,1824.08
2025-03-15T14:00:00Z,2152.83
2025-03-15T15:00:00Z,882.4
2025-03-15T16:00:00Z,1818.98
2025-03-15T17:00:00Z,1934.75
2025-03-15T18:00:00Z,1710.74
2025-03-15T19:00:00Z,1007.03
2025-03-15T20:00:00Z,449.33
2025-03-15T21:00:00Z,295.27
2025-03-15T22:00:00Z,483.08
2025-03-15T23:00:00Z,449.6
2025-03-16T00:00:00Z,420.35
2025-03-16T01:00:00Z,819.68
2025-03-16T02:00:00Z,387.74
2025-03-16T03:00:00Z,614.54
2025-03-16T04:00:00Z,7.63
2025-03-16T05:00:00Z,530.93
2025-03-16T06:00:00Z,10.92
2025-03-16T07:00:00Z,1005.34
2025-03-16T08:00:00Z,2987.48
2025-03-16T09:00:00Z,1283.49
2025-03-16T10:00:00Z,1787.42
2025-03-16T11:00:00Z,1046.64
2025-03-16T12:00:00Z,1294.09
2025-03-16T13:00:00Z,3064.82
2025-03-16T14:00:00Z,1775.93
2025-03-16T15:00:00Z,1454.13
2025-03-16T16:00:00Z,1566.58
2025-03-16T17:00:00Z,1687.98
2025-03-16T18:00:00Z,2266.88
2025-03-16T19:00:00Z,412.77
2025-03-16T20:00:00Z,363.04
2025-03-16T21:00:00Z,78.7
2025-03-16T22:00:00Z,322.28
2025-03-16T23:00:00Z,63.76
2025-03-17T00:00:00Z,790.9
2025-03-17T01:00:00Z,556.03
2025-03-17T02:00:00Z,719.56
2025-03-17T03:00:00Z,81.99
2025-03-17T04:00:00Z,536.84
2025-03-17T05:00:00Z,99.74
2025-03-17T06:00:00Z,788.51
2025-03-17T07:00:00Z,877.7
2025-03-17T08:00:00Z,1894.59
2025-03-17T09:00:00Z,4536.15
2025-03-17T10:00:00Z,2484.32
2025-03-17T11:00:00Z,3717.26
2025-03-17T12:00:00Z,3648.74
2025-03-17T13:00:00Z,2949.99
2025-03-17T14:00:00Z,2213.92
2025-03-17T15:00:00Z,3503.96
2025-03-17T16:00:00Z,4190.33
2025-03-17T17:00:00Z,2858.52
2025-03-17T18:00:00Z,3400.5
2025-03-17T19:00:00Z,1063.83
2025-03-17T20:00:00Z,437.07
2025-03-17T21:00:00Z,573.94
2025-03-17T22:00:00Z,1095.01
2025-03-17T23:00:00Z,431.32
2025-03-18T00:00:00Z,398.93
2025-03-18T01:00:00Z,520.83
2025-03-18T02:00:00Z,535.63
2025-03-18T03:00:00Z,601.94
2025-03-18T04:00:00Z,946.76
2025-03-18T05:00:00Z,885.19
2025-03-18T06:00:00Z,571.53
2025-03-18T07:00:00Z,906.67
2025-03-18T08:00:00Z,2094.81
2025-03-18T09:00:00Z,2659.6
2025-03-18T10:00:00Z,2366.35
2025-03-18T11:00:00Z,5910.2
2025-03-18T12:00:00Z,2939.51
2025-03-18T13:00:00Z,3702.97
2025-03-18T14:00:00Z,3925.89
2025-03-18T15:00:00Z,3763.35
2025-03-18T16:00:00Z,2142.36
2025-03-18T17:00:00Z,2936.15
2025-03-18T18:00:00Z,3701.05
2025-03-18T19:00:00Z,585.53
2025-03-18T20:00:00Z,804.18
2025-03-18T21:00:00Z,418.69
2025-03-18T22:00:00Z,1083.7
2025-03-18T23:00:00Z,117.45
2025-03-19T00:00:00Z,1467.22
2025-03-19T01:00:00Z,675.85
2025-03-19T02:00:00Z,79.4
2025-03-19T03:00:00Z,443.45
2025-03-19T04:00:00Z,95.57
2025-03-19T05:00:00Z,808.74
2025-03-19T06:00:00Z,551.18
2025-03-19T07:00:00Z,697.13
2025-03-19T08:00:00Z,5385.46
2025-03-19T09:00:00Z,3475.77
2025-03-19T10:00:00Z,4456.27
2025-03-19T11:00:00Z,3592.39
2025-03-19T12:00:00Z,3345.61
2025-03-19T13:00:00Z,2820.11
2025-03-19T14:00:00Z,2482.82
2025-03-19T15:00:00Z,1702.03
2025-03-19T16:00:00Z,3209.08
2025-03-19T17:00:00Z,1949.03
2025-03-19T18:00:00Z,3087.67
2025-03-19T19:00:00Z,1518.14
2025-03-19T20:00:00Z,643.47
2025-03-19T21:00:00Z,469.72
2025-03-19T22:00:00Z,41.08
2025-03-19T23:00:00Z,578.34
2025-03-20T00:00:00Z,934.31
2025-03-20T01:00:00Z,781.36
2025-03-20T02:00:00Z,1038.13
2025-03-20T03:00:00Z,1074.77
2025-03-20T04:00:00Z,82.18
2025-03-20T05:00:00Z,89.9
2025-03-20T06:00:00Z,961.38
2025-03-20T07:00:00Z,692.4
2025-03-20T08:00:00Z,3483.29
2025-03-20T09:00:00Z,2791.88
2025-03-20T10:00:00Z,2925.09
2025-03-20T11:00:00Z,2926.99
2025-03-20T12:00:00Z,4676.76
2025-03-20T13:00:00Z,2675.57
2025-03-20T14:00:00Z,1900.46
2025-03-20T15:00:00Z,4670.15
2025-03-20T16:00:00Z,3090.23
2025-03-20T17:00:00Z,2707.52
2025-03-20T18:00:00Z,3195.12
2025-03-20T19:00:00Z,32.51
2025-03-20T20:00:00Z,227.03
2025-03-20T21:00:00Z,589.35
2025-03-20T22:00:00Z,613.71
2025-03-20T23:00:00Z,402.72
2025-03-21T00:00:00Z,560.71
2025-03-21T01:00:00Z,968.83
2025-03-21T02:00:00Z,707.49
2025-03-21T03:00:00Z,630.8
2025-03-21T04:00:00Z,551.36
2025-03-21T05:00:00Z,747.64
2025-03-21T06:00:00Z,2178.54
2025-03-21T07:00:00Z,570.3
2025-03-21T08:00:00Z,2594.9
2025-03-21T09:00:00Z,4135.33
2025-03-21T10:00:00Z,3063.12
2025-03-21T11:00:00Z,2720.3
2025-03-21T12:00:00Z,1766.05
2025-03-21T13:00:00Z,3672.7
2025-03-21T14:00:00Z,4355.39
2025-03-21T15:00:00Z,4010.39
2025-03-21T16:00:00Z,3527.23
2025-03-21T17:00:00Z,5953.79
2025-03-21T18:00:00Z,1559.19
2025-03-21T19:00:00Z,966.8
2025-03-21T20:00:00Z,89.27
2025-03-21T21:00:00Z,320.03
2025-03-21T22:00:00Z,931.51
2025-03-21T23:00:00Z,98.49
2025-03-22T00:00:00Z,8.97
2025-03-22T01:00:00Z,486.68
2025-03-22T02:00:00Z,248.7
2025-03-22T03:00:00Z,37.43
2025-03-22T04:00:00Z,439.81
2025-03-22T05:00:00Z,192.58
2025-03-22T06:00:00Z,2.71
2025-03-22T07:00:00Z,326.52
2025-03-22T08:00:00Z,991.19
2025-03-22T09:00:00Z,2340.26
2025-03-22T10:00:00Z,818.24
2025-03-22T11:00:00Z,1924.75
2025-03-22T12:00:00Z,1750.09
2025-03-22T13:00:00Z,1757.76
2025-03-22T14:00:00Z,2204.9
2025-03-22T15:00:00Z,873.14
2025-03-22T16:00:00Z,1416.64
2025-03-22T17:00:00Z,1637.0
2025-03-22T18:00:00Z,1069.64
2025-03-22T19:00:00Z,251.53
2025-03-22T20:00:00Z,579.96
2025-03-22T21:00:00Z,451.11
2025-03-22T22:00:00Z,171.27
2025-03-22T23:00:00Z,13.57
2025-03-23T00:00:00Z,304.63
2025-03-23T01:00:00Z,57.13
2025-03-23T02:00:00Z,191.66
2025-03-23T03:00:00Z,212.35
2025-03-23T04:00:00Z,496.59
2025-03-23T05:00:00Z,369.5
2025-03-23T06:00:00Z,27.29
2025-03-23T07:00:00Z,135.89
2025-03-23T08:00:00Z,2762.21
2025-03-23T09:00:00Z,675.54
2025-03-23T10:00:00Z,2085.74
2025-03-23T11:00:00Z,2195.94
2025-03-23T12:00:00Z,1794.42
2025-03-23T13:00:00Z,1731.67
2025-03-23T14:00:00Z,1602.73
2025-03-23T15:00:00Z,1391.51
2025-03-23T16:00:00Z,839.21
2025-03-23T17:00:00Z,2989.79
2025-03-23T18:00:00Z,1387.49
2025-03-23T19:00:00Z,144.01
2025-03-23T20:00:00Z,16.22
2025-03-23T21:00:00Z,135.19
2025-03-23T22:00:00Z,57.78
2025-03-23T23:00:00Z,510.78
2025-03-24T00:00:00Z,859.7
2025-03-24T01:00:00Z,668.24
2025-03-24T02:00:00Z,931.91
2025-03-24T03:00:00Z,45.55
2025-03-24T04:00:00Z,119.32
2025-03-24T05:00:00Z,726.69
2025-03-24T06:00:00Z,1007.35
2025-03-24T07:00:00Z,349.34
2025-03-24T08:00:00Z,2783.3
2025-03-24T09:00:00Z,3178.07
2025-03-24T10:00:00Z,3173.96
2025-03-24T11:00:00Z,5359.56
2025-03-24T12:00:00Z,2852.54
2025-03-24T13:00:00Z,4012.28
2025-03-24T14:00:00Z,2643.04
2025-03-24T15:00:00Z,3903.06
2025-03-24T16:00:00Z,3314.06
2025-03-24T17:00:00Z,3520.12
2025-03-24T18:00:00Z,3032.49
2025-03-24T19:00:00Z,1001.65
2025-03-24T20:00:00Z,684.84
2025-03-24T21:00:00Z,759.76
2025-03-24T22:00:00Z,1265.62
2025-03-24T23:00:00Z,128.11
2025-03-25T00:00:00Z,674.77
2025-03-25T01:00:00Z,1052.83
2025-03-25T02:00:00Z,310.34
2025-03-25T03:00:00Z,873.91
2025-03-25T04:00:00Z,553.09
2025-03-25T05:00:00Z,459.07
2025-03-25T06:00:00Z,933.36
2025-03-25T07:00:00Z,199.18
2025-03-25T08:00:00Z,3141.95
2025-03-25T09:00:00Z,2099.38
2025-03-25T10:00:00Z,2200.89
2025-03-25T11:00:00Z,2149.26
2025-03-25T12:00:00Z,4411.21
2025-03-25T13:00:00Z,2725.3
2025-03-25T14:00:00Z,4566.33
2025-03-25T15:00:00Z,2730.15
2025-03-25T16:00:00Z,4279.0
2025-03-25T17:00:00Z,4231.47
2025-03-25T18:00:00Z,2507.48
2025-03-25T19:00:00Z,124.26
2025-03-25T20:00:00Z,395.27
2025-03-25T21:00:00Z,1325.67
2025-03-25T22:00:00Z,241.86
2025-03-25T23:00:00Z,376.15
2025-03-26T00:00:00Z,392.28
2025-03-26T01:00:00Z,104.94
2025-03-26T02:00:00Z,564.39
2025-03-26T03:00:00Z,779.58
2025-03-26T04:00:00Z,122.86
2025-03-26T05:00:00Z,908.65
2025-03-26T06:00:00Z,216.1
2025-03-26T07:00:00Z,16.38
2025-03-26T08:00:00Z,2982.38
2025-03-26T09:00:00Z,2090.5
2025-03-26T10:00:00Z,3868.57
2025-03-26T11:00:00Z,3290.98
2025-03-26T12:00:00Z,1967.69
2025-03-26T13:00:00Z,3273.06
2025-03-26T14:00:00Z,6265.01
2025-03-26T15:00:00Z,1877.53
2025-03-26T16:00:00Z,2618.36
2025-03-26T17:00:00Z,3432.94
2025-03-26T18:00:00Z,3265.83
2025-03-26T19:00:00Z,1160.1
2025-03-26T20:00:00Z,275.57
2025-03-26T21:00:00Z,320.95
2025-03-26T22:00:00Z,626.99
2025-03-26T23:00:00Z,21.57
2025-03-27T00:00:00Z,426.99
2025-03-27T01:00:00Z,1053.8
2025-03-27T02:00:00Z,282.7
2025-03-27T03:00:00Z,379.67
2025-03-27T04:00:00Z,567.37
2025-03-27T05:00:00Z,568.31
2025-03-27T06:00:00Z,33.91
2025-03-27T07:00:00Z,1090.62
2025-03-27T08:00:00Z,3756.68
2025-03-27T09:00:00Z,3415.86
2025-03-27T10:00:00Z,3294.28
2025-03-27T11:00:00Z,2624.88
2025-03-27T12:00:00Z,2119.7
2025-03-27T13:00:00Z,4343.0
2025-03-27T14:00:00Z,2152.07
2025-03-27T15:00:00Z,2597.78
2025-03-27T16:00:00Z,3101.41
2025-03-27T17:00:00Z,4114.17
2025-03-27T18:00:00Z,2632.92
2025-03-27T19:00:00Z,462.27
2025-03-27T20:00:00Z,603.38
2025-03-27T21:00:00Z,1072.45
2025-03-27T22:00:00Z,713.92
2025-03-27T23:00:00Z,344.8
2025-03-28T00:00:00Z,588.86
2025-03-28T01:00:00Z,605.22
2025-03-28T02:00:00Z,103.98
2025-03-28T03:00:00Z,393.1
2025-03-28T04:00:00Z,1030.96
2025-03-28T05:00:00Z,1545.12
2025-03-28T06:00:00Z,1390.98
2025-03-28T07:00:00Z,646.67
2025-03-28T08:00:00Z,3291.52
2025-03-28T09:00:00Z,3979.02
2025-03-28T10:00:00Z,1948.42
2025-03-28T11:00:00Z,3692.87
2025-03-28T12:00:00Z,3843.33
2025-03-28T13:00:00Z,4055.95
2025-03-28T14:00:00Z,4301.45
2025-03-28T15:00:00Z,4266.01
2025-03-28T16:00:00Z,3503.85
2025-03-28T17:00:00Z,2139.97
2025-03-28T18:00:00Z,3673.56
2025-03-28T19:00:00Z,10.72
2025-03-28T20:00:00Z,464.22
2025-03-28T21:00:00Z,77.84
2025-03-28T22:00:00Z,362.52
2025-03-28T23:00:00Z,586.36
2025-03-29T00:00:00Z,304.01
2025-03-29T01:00:00Z,810.97
2025-03-29T02:00:00Z,673.76
2025-03-29T03:00:00Z,140.19
2025-03-29T04:00:00Z,427.98
2025-03-29T05:00:00Z,11.24
2025-03-29T06:00:00Z,267.92
2025-03-29T07:00:00Z,143.26
2025-03-29T08:00:00Z,2157.94
2025-03-29T09:00:00Z,839.12
2025-03-29T10:00:00Z,2148.41
2025-03-29T11:00:00Z,870.28
2025-03-29T12:00:00Z,1243.29
2025-03-29T13:00:00Z,1058.86
2025-03-29T14:00:00Z,799.35
2025-03-29T15:00:00Z,1392.77
2025-03-29T16:00:00Z,694.89
2025-03-29T17:00:00Z,2097.45
2025-03-29T18:00:00Z,865.76
2025-03-29T19:00:00Z,427.01
2025-03-29T20:00:00Z,619.65
2025-03-29T21:00:00Z,23.38
2025-03-29T22:00:00Z,324.1
2025-03-29T23:00:00Z,924.73
2025-03-30T00:00:00Z,45.88
2025-03-30T01:00:00Z,694.55
2025-03-30T02:00:00Z,669.9
2025-03-30T03:00:00Z,304.45
2025-03-30T04:00:00Z,8.41
2025-03-30T05:00:00Z,490.56
2025-03-30T06:00:00Z,5.28
2025-03-30T07:00:00Z,309.41
2025-03-30T08:00:00Z,1484.14
2025-03-30T09:00:00Z,3342.95
2025-03-30T10:00:00Z,1597.32
2025-03-30T11:00:00Z,1261.62
2025-03-30T12:00:00Z,1721.87
2025-03-30T13:00:00Z,1392.97
2025-03-30T14:00:00Z,1208.54
2025-03-30T15:00:00Z,2200.23
2025-03-30T16:00:00Z,1399.35
2025-03-30T17:00:00Z,1000.39
2025-03-30T18:00:00Z,1914.97
2025-03-30T19:00:00Z,432.74
2025-03-30T20:00:00Z,549.99
2025-03-30T21:00:00Z,285.02
2025-03-30T22:00:00Z,39.69
2025-03-30T23:00:00Z,77.14
2025-03-31T00:00:00Z,1413.03
2025-03-31T01:00:00Z,597.45
2025-03-31T02:00:00Z,130.16
2025-03-31T03:00:00Z,101.58
2025-03-31T04:00:00Z,958.07
2025-03-31T05:00:00Z,609.84
2025-03-31T06:00:00Z,770.05
2025-03-31T07:00:00Z,364.14
2025-03-31T08:00:00Z,3701.16
2025-03-31T09:00:00Z,4608.53
2025-03-31T10:00:00Z,1961.03
2025-03-31T11:00:00Z,2526.64
2025-03-31T12:00:00Z,4418.64
2025-03-31T13:00:00Z,3034.4
2025-03-31T14:00:00Z,2512.8
2025-03-31T15:00:00Z,3873.2
2025-03-31T16:00:00Z,2874.67
2025-03-31T17:00:00Z,3391.53
2025-03-31T18:00:00Z,2114.33
2025-03-31T19:00:00Z,191.94
2025-03-31T20:00:00Z,609.61
2025-03-31T21:00:00Z,379.08
2025-03-31T22:00:00Z,599.79
2025-03-31T23:00:00Z,762.05
2025-04-01T00:00:00Z,1049.7
2025-04-01T01:00:00Z,1532.44
2025-04-01T02:00:00Z,189.66
2025-04-01T03:00:00Z,370.67
2025-04-01T04:00:00Z,597.12
2025-04-01T05:00:00Z,83.71
2025-04-01T06:00:00Z,190.48
2025-04-01T07:00:00Z,584.97
2025-04-01T08:00:00Z,3033.96
2025-04-01T09:00:00Z,3050.89
2025-04-01T10:00:00Z,2804.46
2025-04-01T11:00:00Z,3181.93
2025-04-01T12:00:00Z,2228.29
2025-04-01T13:00:00Z,3180.8
2025-04-01T14:00:00Z,3105.98
2025-04-01T15:00:00Z,2940.02
2025-04-01T16:00:00Z,4173.78
2025-04-01T17:00:00Z,3541.4
2025-04-01T18:00:00Z,6263.92
2025-04-01T19:00:00Z,536.71
2025-04-01T20:00:00Z,682.75
2025-04-01T21:00:00Z,69.13
2025-04-01T22:00:00Z,567.74
2025-04-01T23:00:00Z,393.04
2025-04-02T00:00:00Z,10.34
2025-04-02T01:00:00Z,354.34
2025-04-02T02:00:00Z,19.61
2025-04-02T03:00:00Z,422.43
2025-04-02T04:00:00Z,583.03
2025-04-02T05:00:00Z,757.1
2025-04-02T06:00:00Z,99.44
2025-04-02T07:00:00Z,461.95
2025-04-02T08:00:00Z,3500.6
2025-04-02T09:00:00Z,2715.31
2025-04-02T10:00:00Z,3033.44
2025-04-02T11:00:00Z,2951.64
2025-04-02T12:00:00Z,3587.38
2025-04-02T13:00:00Z,3530.26
2025-04-02T14:00:00Z,3350.44
2025-04-02T15:00:00Z,4338.25
2025-04-02T16:00:00Z,2834.91
2025-04-02T17:00:00Z,2825.09
2025-04-02T18:00:00Z,3255.37
2025-04-02T19:00:00Z,1331.4
2025-04-02T20:00:00Z,680.23
2025-04-02T21:00:00Z,447.84
2025-04-02T22:00:00Z,849.04
2025-04-02T23:00:00Z,1185.04
2025-04-03T00:00:00Z,800.77
2025-04-03T01:00:00Z,914.36
2025-04-03T02:00:00Z,770.5
2025-04-03T03:00:00Z,1408.08
2025-04-03T04:00:00Z,1249.28
2025-04-03T05:00:00Z,1012.05
2025-04-03T06:00:00Z,719.53
2025-04-03T07:00:00Z,398.58
2025-04-03T08:00:00Z,2385.31
2025-04-03T09:00:00Z,2187.81
2025-04-03T10:00:00Z,2726.12
2025-04-03T11:00:00Z,1715.83
2025-04-03T12:00:00Z,2528.87
2025-04-03T13:00:00Z,3456.72
2025-04-03T14:00:00Z,5297.34
2025-04-03T15:00:00Z,3192.21
2025-04-03T16:00:00Z,3544.85
2025-04-03T17:00:00Z,3337.34
2025-04-03T18:00:00Z,2972.15
2025-04-03T19:00:00Z,392.88
2025-04-03T20:00:00Z,29.92
2025-04-03T21:00:00Z,630.45
2025-04-03T22:00:00Z,667.25
2025-04-03T23:00:00Z,761.98
2025-04-04T00:00:00Z,130.34
2025-04-04T01:00:00Z,1181.05
2025-04-04T02:00:00Z,517.23
2025-04-04T03:00:00Z,1184.55
2025-04-04T04:00:00Z,723.89
2025-04-04T05:00:00Z,32.94
2025-04-04T06:00:00Z,110.06
2025-04-04T07:00:00Z,65.32
2025-04-04T08:00:00Z,3325.6
2025-04-04T09:00:00Z,2535.75
2025-04-04T10:00:00Z,4092.15
2025-04-04T11:00:00Z,1850.64
2025-04-04T12:00:00Z,2787.75
2025-04-04T13:00:00Z,2890.68
2025-04-04T14:00:00Z,2397.74
2025-04-04T15:00:00Z,5531.07
2025-04-04T16:00:00Z,4086.39
2025-04-04T17:00:00Z,2831.68
2025-04-04T18:00:00Z,2977.2
2025-04-04T19:00:00Z,828.62
2025-04-04T20:00:00Z,201.73
2025-04-04T21:00:00Z,586.29
2025-04-04T22:00:00Z,559.09
2025-04-04T23:00:00Z,533.99
2025-04-05T00:00:00Z,1107.49
2025-04-05T01:00:00Z,609.76
2025-04-05T02:00:00Z,73.41
2025-04-05T03:00:00Z,724.24
2025-04-05T04:00:00Z,640.62
2025-04-05T05:00:00Z,36.89
2025-04-05T06:00:00Z,70.14
2025-04-05T07:00:00Z,272.63
2025-04-05T08:00:00Z,859.85
2025-04-05T09:00:00Z,1820.0
2025-04-05T10:00:00Z,1912.45
2025-04-05T11:00:00Z,1529.75
2025-04-05T12:00:00Z,1798.7
2025-04-05T13:00:00Z,1012.63
2025-04-05T14:00:00Z,1912.37
2025-04-05T15:00:00Z,825.85
2025-04-05T16:00:00Z,1323.07
2025-04-05T17:00:00Z,707.25
2025-04-05T18:00:00Z,862.93
2025-04-05T19:00:00Z,314.53
2025-04-05T20:00:00Z,772.88
2025-04-05T21:00:00Z,10.87
2025-04-05T22:00:00Z,366.19
2025-04-05T23:00:00Z,359.5
2025-04-06T00:00:00Z,343.53
2025-04-06T01:00:00Z,12.48
2025-04-06T02:00:00Z,550.39
2025-04-06T03:00:00Z,16.17
2025-04-06T04:00:00Z,32.83
2025-04-06T05:00:00Z,46.74
2025-04-06T06:00:00Z,546.67
2025-04-06T07:00:00Z,621.06
2025-04-06T08:00:00Z,1742.04
2025-04-06T09:00:00Z,753.72
2025-04-06T10:00:00Z,1486.02
2025-04-06T11:00:00Z,929.31
2025-04-06T12:00:00Z,542.19
2025-04-06T13:00:00Z,1979.58
2025-04-06T14:00:00Z,1307.76
2025-04-06T15:00:00Z,2077.62
2025-04-06T16:00:00Z,1548.28
2025-04-06T17:00:00Z,1540.27
2025-04-06T18:00:00Z,1724.97
2025-04-06T19:00:00Z,600.43
2025-04-06T20:00:00Z,547.68
2025-04-06T21:00:00Z,82.06
2025-04-06T22:00:00Z,379.32
2025-04-06T23:00:00Z,822.85
2025-04-07T00:00:00Z,892.97
2025-04-07T01:00:00Z,1592.19
2025-04-07T02:00:00Z,698.05
2025-04-07T03:00:00Z,499.59
2025-04-07T04:00:00Z,301.59
2025-04-07T05:00:00Z,845.69
2025-04-07T06:00:00Z,1213.96
2025-04-07T07:00:00Z,414.78
2025-04-07T08:00:00Z,3820.23
2025-04-07T09:00:00Z,2462.86
2025-04-07T10:00:00Z,2986.87
2025-04-07T11:00:00Z,2213.83
2025-04-07T12:00:00Z,3868.33
2025-04-07T13:00:00Z,3451.71
2025-04-07T14:00:00Z,3699.11
2025-04-07T15:00:00Z,3425.59
2025-04-07T16:00:00Z,3873.76
2025-04-07T17:00:00Z,4514.71
2025-04-07T18:00:00Z,3889.46
2025-04-07T19:00:00Z,840.94
2025-04-07T20:00:00Z,296.91
2025-04-07T21:00:00Z,938.15
2025-04-07T22:00:00Z,97.69
2025-04-07T23:00:00Z,728.75
2025-04-08T00:00:00Z,532.62
2025-04-08T01:00:00Z,518.18
2025-04-08T02:00:00Z,494.42
2025-04-08T03:00:00Z,739.88
2025-04-08T04:00:00Z,794.42
2025-04-08T05:00:00Z,123.71
2025-04-08T06:00:00Z,820.92
2025-04-08T07:00:00Z,368.91
2025-04-08T08:00:00Z,3028.61
2025-04-08T09:00:00Z,3463.48
2025-04-08T10:00:00Z,3558.32
2025-04-08T11:00:00Z,1781.64
2025-04-08T12:00:00Z,2476.77
2025-04-08T13:00:00Z,2477.43
2025-04-08T14:00:00Z,5222.56
2025-04-08T15:00:00Z,3642.46
2025-04-08T16:00:00Z,4001.76
2025-04-08T17:00:00Z,5866.22
2025-04-08T18:00:00Z,3431.65
2025-04-08T19:00:00Z,412.85
2025-04-08T20:00:00Z,1049.28
2025-04-08T21:00:00Z,160.2
2025-04-08T22:00:00Z,977.66
2025-04-08T23:00:00Z,426.27
2025-04-09T00:00:00Z,306.28
2025-04-09T01:00:00Z,948.98
2025-04-09T02:00:00Z,1449.83
2025-04-09T03:00:00Z,1201.54
2025-04-09T04:00:00Z,835.27
2025-04-09T05:00:00Z,1379.29
2025-04-09T06:00:00Z,403.74
2025-04-09T07:00:00Z,197.1
2025-04-09T08:00:00Z,2465.41
2025-04-09T09:00:00Z,7604.51
2025-04-09T10:00:00Z,6807.97
2025-04-09T11:00:00Z,10960.92
2025-04-09T12:00:00Z,12963.85
2025-04-09T13:00:00Z,12464.16
2025-04-09T14:00:00Z,4313.15
2025-04-09T15:00:00Z,3171.39
2025-04-09T16:00:00Z,2154.05
2025-04-09T17:00:00Z,3679.94
2025-04-09T18:00:00Z,3731.81
2025-04-09T19:00:00Z,663.56
2025-04-09T20:00:00Z,616.23
2025-04-09T21:00:00Z,1842.7
2025-04-09T22:00:00Z,945.74
2025-04-09T23:00:00Z,673.83
2025-04-10T00:00:00Z,289.72
2025-04-10T01:00:00Z,463.29
2025-04-10T02:00:00Z,1125.48
2025-04-10T03:00:00Z,342.28
2025-04-10T04:00:00Z,798.03
2025-04-10T05:00:00Z,1155.41
2025-04-10T06:00:00Z,968.72
2025-04-10T07:00:00Z,396.73
2025-04-10T08:00:00Z,4187.49
2025-04-10T09:00:00Z,2010.4
2025-04-10T10:00:00Z,2027.45
2025-04-10T11:00:00Z,2464.4
2025-04-10T12:00:00Z,3097.41
2025-04-10T13:00:00Z,3307.11
2025-04-10T14:00:00Z,1840.18
2025-04-10T15:00:00Z,2609.58
2025-04-10T16:00:00Z,2562.93
2025-04-10T17:00:00Z,2614.02
2025-04-10T18:00:00Z,1859.9
2025-04-10T19:00:00Z,76.69
2025-04-10T20:00:00Z,105.43
2025-04-10T21:00:00Z,43.27
2025-04-10T22:00:00Z,609.06
2025-04-10T23:00:00Z,345.12
2025-04-11T00:00:00Z,916.82
2025-04-11T01:00:00Z,804.65
2025-04-11T02:00:00Z,846.78
2025-04-11T03:00:00Z,604.36
2025-04-11T04:00:00Z,1215.65
2025-04-11T05:00:00Z,456.58
2025-04-11T06:00:00Z,649.18
2025-04-11T07:00:00Z,287.67
2025-04-11T08:00:00Z,3704.64
2025-04-11T09:00:00Z,3148.35
2025-04-11T10:00:00Z,3864.44
2025-04-11T11:00:00Z,2486.68
2025-04-11T12:00:00Z,4765.44
2025-04-11T13:00:00Z,4580.52
2025-04-11T14:00:00Z,4348.95
2025-04-11T15:00:00Z,3465.52
2025-04-11T16:00:00Z,4354.65
2025-04-11T17:00:00Z,2675.64
2025-04-11T18:00:00Z,2657.96
2025-04-11T19:00:00Z,329.96
2025-04-11T20:00:00Z,1039.8
2025-04-11T21:00:00Z,519.63
2025-04-11T22:00:00Z,721.4
2025-04-11T23:00:00Z,986.65
2025-04-12T00:00:00Z,65.74
2025-04-12T01:00:00Z,1341.93
2025-04-12T02:00:00Z,433.93
2025-04-12T03:00:00Z,547.6
2025-04-12T04:00:00Z,1141.94
2025-04-12T05:00:00Z,1444.38
2025-04-12T06:00:00Z,162.47
2025-04-12T07:00:00Z,69.61
2025-04-12T08:00:00Z,2231.16
2025-04-12T09:00:00Z,1523.14
2025-04-12T10:00:00Z,459.32
2025-04-12T11:00:00Z,1464.67
2025-04-12T12:00:00Z,2071.89
2025-04-12T13:00:00Z,1648.5
2025-04-12T14:00:00Z,3298.29
2025-04-12T15:00:00Z,1223.45
2025-04-12T16:00:00Z,1235.38
2025-04-12T17:00:00Z,1338.44
2025-04-12T18:00:00Z,753.08
2025-04-12T19:00:00Z,245.72
2025-04-12T20:00:00Z,471.1
2025-04-12T21:00:00Z,24.82
2025-04-12T22:00:00Z,217.6
2025-04-12T23:00:00Z,475.98
2025-04-13T00:00:00Z,412.87
2025-04-13T01:00:00Z,314.31
2025-04-13T02:00:00Z,469.61
2025-04-13T03:00:00Z,59.28
2025-04-13T04:00:00Z,56.73
2025-04-13T05:00:00Z,42.86
2025-04-13T06:00:00Z,433.26
2025-04-13T07:00:00Z,730.62
2025-04-13T08:00:00Z,2231.44
2025-04-13T09:00:00Z,1113.93
2025-04-13T10:00:00Z,2026.31
2025-04-13T11:00:00Z,934.64
2025-04-13T12:00:00Z,2613.78
2025-04-13T13:00:00Z,1454.36
2025-04-13T14:00:00Z,1182.68
2025-04-13T15:00:00Z,1832.9
2025-04-13T16:00:00Z,2288.24
2025-04-13T17:00:00Z,2523.17
2025-04-13T18:00:00Z,1257.06
2025-04-13T19:00:00Z,803.09
2025-04-13T20:00:00Z,64.09
2025-04-13T21:00:00Z,106.73
2025-04-13T22:00:00Z,498.25
2025-04-13T23:00:00Z,840.72
2025-04-14T00:00:00Z,971.6
2025-04-14T01:00:00Z,557.43
2025-04-14T02:00:00Z,416.4
2025-04-14T03:00:00Z,705.12
2025-04-14T04:00:00Z,816.97
2025-04-14T05:00:00Z,1301.8
2025-04-14T06:00:00Z,101.94
2025-04-14T07:00:00Z,663.25
2025-04-14T08:00:00Z,5051.29
2025-04-14T09:00:00Z,4128.17
2025-04-14T10:00:00Z,3230.68
2025-04-14T11:00:00Z,4276.48
2025-04-14T12:00:00Z,3569.49
2025-04-14T13:00:00Z,2022.4
2025-04-14T14:00:00Z,2903.86
2025-04-14T15:00:00Z,4161.72
2025-04-14T16:00:00Z,4321.37
2025-04-14T17:00:00Z,2343.17
2025-04-14T18:00:00Z,2192.32
2025-04-14T19:00:00Z,326.11
2025-04-14T20:00:00Z,823.04
2025-04-14T21:00:00Z,674.42
2025-04-14T22:00:00Z,831.77
2025-04-14T23:00:00Z,549.81
2025-04-15T00:00:00Z,713.88
2025-04-15T01:00:00Z,1538.99
2025-04-15T02:00:00Z,1540.17
2025-04-15T03:00:00Z,450.84
2025-04-15T04:00:00Z,676.24
2025-04-15T05:00:00Z,1737.26
2025-04-15T06:00:00Z,891.61
2025-04-15T07:00:00Z,875.21
2025-04-15T08:00:00Z,3042.71
2025-04-15T09:00:00Z,4601.96
2025-04-15T10:00:00Z,3647.07
2025-04-15T11:00:00Z,3027.97
2025-04-15T12:00:00Z,2108.29
2025-04-15T13:00:00Z,2587.59
2025-04-15T14:00:00Z,2822.37
2025-04-15T15:00:00Z,2925.57
2025-04-15T16:00:00Z,2372.42
2025-04-15T17:00:00Z,2860.63
2025-04-15T18:00:00Z,3670.62
2025-04-15T19:00:00Z,814.02
2025-04-15T20:00:00Z,1172.3
2025-04-15T21:00:00Z,563.8
2025-04-15T22:00:00Z,405.07
2025-04-15T23:00:00Z,84.9
2025-04-16T00:00:00Z,1032.71
2025-04-16T01:00:00Z,1031.13
2025-04-16T02:00:00Z,628.37
2025-04-16T03:00:00Z,101.0
2025-04-16T04:00:00Z,647.36
2025-04-16T05:00:00Z,951.82
2025-04-16T06:00:00Z,719.99
2025-04-16T07:00:00Z,227.63
2025-04-16T08:00:00Z,4666.72
2025-04-16T09:00:00Z,2399.7
2025-04-16T10:00:00Z,5367.47
2025-04-16T11:00:00Z,3326.27
2025-04-16T12:00:00Z,2778.09
2025-04-16T13:00:00Z,2463.11
2025-04-16T14:00:00Z,3749.03
2025-04-16T15:00:00Z,2739.74
2025-04-16T16:00:00Z,2234.92
2025-04-16T17:00:00Z,4021.27
2025-04-16T18:00:00Z,2037.91
2025-04-16T19:00:00Z,716.03
2025-04-16T20:00:00Z,704.55
2025-04-16T21:00:00Z,478.6
2025-04-16T22:00:00Z,265.98
2025-04-16T23:00:00Z,856.64
2025-04-17T00:00:00Z,633.74
2025-04-17T01:00:00Z,446.88
2025-04-17T02:00:00Z,183.5
2025-04-17T03:00:00Z,301.17
2025-04-17T04:00:00Z,650.99
2025-04-17T05:00:00Z,1186.53
2025-04-17T06:00:00Z,423.84
2025-04-17T07:00:00Z,65.27
2025-04-17T08:00:00Z,5014.39
2025-04-17T09:00:00Z,5310.82
2025-04-17T10:00:00Z,3612.88
2025-04-17T11:00:00Z,2765.09
2025-04-17T12:00:00Z,2009.72
2025-04-17T13:00:00Z,3183.33
2025-04-17T14:00:00Z,2898.08
2025-04-17T15:00:00Z,3170.3
2025-04-17T16:00:00Z,2168.48
2025-04-17T17:00:00Z,2898.58
2025-04-17T18:00:00Z,2746.56
2025-04-17T19:00:00Z,427.35
2025-04-17T20:00:00Z,653.45
2025-04-17T21:00:00Z,722.88
2025-04-17T22:00:00Z,418.22
2025-04-17T23:00:00Z,824.79
2025-04-18T00:00:00Z,563.8
2025-04-18T01:00:00Z,164.88
2025-04-18T02:00:00Z,114.81
2025-04-18T03:00:00Z,171.9
2025-04-18T04:00:00Z,649.04
2025-04-18T05:00:00Z,1164.12
2025-04-18T06:00:00Z,1042.06
2025-04-18T07:00:00Z,158.36
2025-04-18T08:00:00Z,2577.18
2025-04-18T09:00:00Z,3313.06
2025-04-18T10:00:00Z,3439.85
2025-04-18T11:00:00Z,3000.43
2025-04-18T12:00:00Z,3033.23
2025-04-18T13:00:00Z,2625.94
2025-04-18T14:00:00Z,3325.9
2025-04-18T15:00:00Z,3579.31
2025-04-18T16:00:00Z,3163.78
2025-04-18T17:00:00Z,2568.35
2025-04-18T18:00:00Z,4003.88
2025-04-18T19:00:00Z,504.38
2025-04-18T20:00:00Z,73.31
2025-04-18T21:00:00Z,203.2
2025-04-18T22:00:00Z,722.62
2025-04-18T23:00:00Z,461.9
2025-04-19T00:00:00Z,22.76
2025-04-19T01:00:00Z,286.38
2025-04-19T02:00:00Z,647.74
2025-04-19T03:00:00Z,58.77
2025-04-19T04:00:00Z,812.61
2025-04-19T05:00:00Z,19.42
2025-04-19T06:00:00Z,730.37
2025-04-19T07:00:00Z,476.73
2025-04-19T08:00:00Z,1390.16
2025-04-19T09:00:00Z,1536.77
2025-04-19T10:00:00Z,1539.59
2025-04-19T11:00:00Z,1272.29
2025-04-19T12:00:00Z,3165.24
2025-04-19T13:00:00Z,2286.98
2025-04-19T14:00:00Z,2051.89
2025-04-19T15:00:00Z,1223.6
2025-04-19T16:00:00Z,1331.57
2025-04-19T17:00:00Z,1116.89
2025-04-19T18:00:00Z,1757.4
2025-04-19T19:00:00Z,259.14
2025-04-19T20:00:00Z,271.88
2025-04-19T21:00:00Z,35.44
2025-04-19T22:00:00Z,573.03
2025-04-19T23:00:00Z,533.45
2025-04-20T00:00:00Z,30.24
2025-04-20T01:00:00Z,384.52
2025-04-20T02:00:00Z,291.74
2025-04-20T03:00:00Z,445.65
2025-04-20T04:00:00Z,127.66
2025-04-20T05:00:00Z,386.27
2025-04-20T06:00:00Z,276.55
2025-04-20T07:00:00Z,529.23
2025-04-20T08:00:00Z,1111.14
2025-04-20T09:00:00Z,1384.25
2025-04-20T10:00:00Z,3240.39
2025-04-20T11:00:00Z,1252.29
2025-04-20T12:00:00Z,1506.5
2025-04-20T13:00:00Z,1178.35
2025-04-20T14:00:00Z,2283.34
2025-04-20T15:00:00Z,1826.74
2025-04-20T16:00:00Z,2289.7
2025-04-20T17:00:00Z,2034.85
2025-04-20T18:00:00Z,1206.12
2025-04-20T19:00:00Z,502.0
2025-04-20T20:00:00Z,441.56
2025-04-20T21:00:00Z,620.0
2025-04-20T22:00:00Z,170.58
2025-04-20T23:00:00Z,634.02
2025-04-21T00:00:00Z,1276.68
2025-04-21T01:00:00Z,1644.09
2025-04-21T02:00:00Z,957.08
2025-04-21T03:00:00Z,361.66
2025-04-21T04:00:00Z,66.18
2025-04-21T05:00:00Z,300.82
2025-04-21T06:00:00Z,1003.08
2025-04-21T07:00:00Z,40.99
2025-04-21T08:00:00Z,4058.88
2025-04-21T09:00:00Z,2404.27
2025-04-21T10:00:00Z,2194.57
2025-04-21T11:00:00Z,2529.35
2025-04-21T12:00:00Z,4514.44
2025-04-21T13:00:00Z,4093.85
2025-04-21T14:00:00Z,3173.91
2025-04-21T15:00:00Z,1419.52
2025-04-21T16:00:00Z,3289.23
2025-04-21T17:00:00Z,4113.7
2025-04-21T18:00:00Z,3199.55
2025-04-21T19:00:00Z,1038.2
2025-04-21T20:00:00Z,347.17
2025-04-21T21:00:00Z,1173.8
2025-04-21T22:00:00Z,382.86
2025-04-21T23:00:00Z,663.42
2025-04-22T00:00:00Z,569.06
2025-04-22T01:00:00Z,10.9
2025-04-22T02:00:00Z,608.95
2025-04-22T03:00:00Z,933.66
2025-04-22T04:00:00Z,1174.18
2025-04-22T05:00:00Z,754.51
2025-04-22T06:00:00Z,448.6
2025-04-22T07:00:00Z,378.6
2025-04-22T08:00:00Z,3360.48
2025-04-22T09:00:00Z,2363.99
2025-04-22T10:00:00Z,3777.41
2025-04-22T11:00:00Z,3322.34
2025-04-22T12:00:00Z,4758.62
2025-04-22T13:00:00Z,1914.73
2025-04-22T14:00:00Z,2873.82
2025-04-22T15:00:00Z,3428.73
2025-04-22T16:00:00Z,2096.46
2025-04-22T17:00:00Z,2982.02
2025-04-22T18:00:00Z,3522.96
2025-04-22T19:00:00Z,294.69
2025-04-22T20:00:00Z,750.91
2025-04-22T21:00:00Z,909.97
2025-04-22T22:00:00Z,945.39
2025-04-22T23:00:00Z,326.38
2025-04-23T00:00:00Z,1043.58
2025-04-23T01:00:00Z,614.52
2025-04-23T02:00:00Z,399.89
2025-04-23T03:00:00Z,1010.14
2025-04-23T04:00:00Z,952.8
2025-04-23T05:00:00Z,697.78
2025-04-23T06:00:00Z,668.13
2025-04-23T07:00:00Z,575.43
2025-04-23T08:00:00Z,4932.35
2025-04-23T09:00:00Z,3436.6
2025-04-23T10:00:00Z,3215.21
2025-04-23T11:00:00Z,5877.52
2025-04-23T12:00:00Z,2773.01
2025-04-23T13:00:00Z,3045.91
2025-04-23T14:00:00Z,5416.12
2025-04-23T15:00:00Z,4361.97
2025-04-23T16:00:00Z,4193.23
2025-04-23T17:00:00Z,2776.69
2025-04-23T18:00:00Z,3888.61
2025-04-23T19:00:00Z,522.24
2025-04-23T20:00:00Z,225.25
2025-04-23T21:00:00Z,857.87
2025-04-23T22:00:00Z,293.09
2025-04-23T23:00:00Z,831.97
2025-04-24T00:00:00Z,346.52
2025-04-24T01:00:00Z,696.97
2025-04-24T02:00:00Z,1755.34
2025-04-24T03:00:00Z,18.88
2025-04-24T04:00:00Z,364.86
2025-04-24T05:00:00Z,403.23
2025-04-24T06:00:00Z,966.93
2025-04-24T07:00:00Z,740.3
2025-04-24T08:00:00Z,3243.56
2025-04-24T09:00:00Z,3608.96
2025-04-24T10:00:00Z,2710.39
2025-04-24T11:00:00Z,4394.64
2025-04-24T12:00:00Z,3116.51
2025-04-24T13:00:00Z,2732.01
2025-04-24T14:00:00Z,3277.32
2025-04-24T15:00:00Z,3594.18
2025-04-24T16:00:00Z,3127.04
2025-04-24T17:00:00Z,2356.43
2025-04-24T18:00:00Z,3821.63
2025-04-24T19:00:00Z,1229.41
2025-04-24T20:00:00Z,1391.08
2025-04-24T21:00:00Z,717.33
2025-04-24T22:00:00Z,1743.02
2025-04-24T23:00:00Z,21.0
2025-04-25T00:00:00Z,189.77
2025-04-25T01:00:00Z,761.81
2025-04-25T02:00:00Z,91.08
2025-04-25T03:00:00Z,421.81
2025-04-25T04:00:00Z,951.48
2025-04-25T05:00:00Z,499.89
2025-04-25T06:00:00Z,707.58
2025-04-25T07:00:00Z,409.97
2025-04-25T08:00:00Z,1870.28
2025-04-25T09:00:00Z,2205.6
2025-04-25T10:00:00Z,2955.75
2025-04-25T11:00:00Z,2084.24
2025-04-25T12:00:00Z,3340.67
2025-04-25T13:00:00Z,3606.3
2025-04-25T14:00:00Z,2605.18
2025-04-25T15:00:00Z,5173.72
2025-04-25T16:00:00Z,2598.47
2025-04-25T17:00:00Z,3163.52
2025-04-25T18:00:00Z,2518.4
2025-04-25T19:00:00Z,305.26
2025-04-25T20:00:00Z,552.38
2025-04-25T21:00:00Z,687.27
2025-04-25T22:00:00Z,593.9
2025-04-25T23:00:00Z,1494.87
2025-04-26T00:00:00Z,612.72
2025-04-26T01:00:00Z,127.86
2025-04-26T02:00:00Z,516.52
2025-04-26T03:00:00Z,13.64
2025-04-26T04:00:00Z,492.29
2025-04-26T05:00:00Z,140.33
2025-04-26T06:00:00Z,15.39
2025-04-26T07:00:00Z,732.85
2025-04-26T08:00:00Z,1624.81
2025-04-26T09:00:00Z,1467.7
2025-04-26T10:00:00Z,1275.66
2025-04-26T11:00:00Z,570.3
2025-04-26T12:00:00Z,1186.87
2025-04-26T13:00:00Z,1400.22
2025-04-26T14:00:00Z,1185.56
2025-04-26T15:00:00Z,1590.73
2025-04-26T16:00:00Z,1896.51
2025-04-26T17:00:00Z,1197.81
2025-04-26T18:00:00Z,1750.64
2025-04-26T19:00:00Z,260.13
2025-04-26T20:00:00Z,450.24
2025-04-26T21:00:00Z,247.32
2025-04-26T22:00:00Z,86.33
2025-04-26T23:00:00Z,399.39
2025-04-27T00:00:00Z,69.48
2025-04-27T01:00:00Z,144.5
2025-04-27T02:00:00Z,80.93
2025-04-27T03:00:00Z,300.79
2025-04-27T04:00:00Z,840.89
2025-04-27T05:00:00Z,94.76
2025-04-27T06:00:00Z,565.25
2025-04-27T07:00:00Z,58.62
2025-04-27T08:00:00Z,1296.58
2025-04-27T09:00:00Z,1402.94
2025-04-27T10:00:00Z,997.87
2025-04-27T11:00:00Z,995.35
2025-04-27T12:00:00Z,1206.9
2025-04-27T13:00:00Z,8534.83
2025-04-27T14:00:00Z,7941.46
2025-04-27T15:00:00Z,11017.27
2025-04-27T16:00:00Z,6775.55
2025-04-27T17:00:00Z,8900.12
2025-04-27T18:00:00Z,6345.66
2025-04-27T19:00:00Z,126.46
2025-04-27T20:00:00Z,248.56
2025-04-27T21:00:00Z,2.64
2025-04-27T22:00:00Z,458.73
2025-04-27T23:00:00Z,167.4
2025-04-28T00:00:00Z,1071.27
2025-04-28T01:00:00Z,792.0
2025-04-28T02:00:00Z,83.77
2025-04-28T03:00:00Z,1312.28
2025-04-28T04:00:00Z,1328.49
2025-04-28T05:00:00Z,232.35
2025-04-28T06:00:00Z,380.96
2025-04-28T07:00:00Z,1583.75
2025-04-28T08:00:00Z,2375.33
2025-04-28T09:00:00Z,3743.62
2025-04-28T10:00:00Z,3113.9
2025-04-28T11:00:00Z,3274.65
2025-04-28T12:00:00Z,3188.59
2025-04-28T13:00:00Z,3922.01
2025-04-28T14:00:00Z,2062.83
2025-04-28T15:00:00Z,1852.35
2025-04-28T16:00:00Z,2450.18
2025-04-28T17:00:00Z,4377.3
2025-04-28T18:00:00Z,3898.66
2025-04-28T19:00:00Z,1284.83
2025-04-28T20:00:00Z,472.37
2025-04-28T21:00:00Z,409.55
2025-04-28T22:00:00Z,115.25
2025-04-28T23:00:00Z,856.86
2025-04-29T00:00:00Z,972.74
2025-04-29T01:00:00Z,420.64
2025-04-29T02:00:00Z,980.95
2025-04-29T03:00:00Z,954.67
2025-04-29T04:00:00Z,2290.9
2025-04-29T05:00:00Z,1560.46
2025-04-29T06:00:00Z,1066.06
2025-04-29T07:00:00Z,1040.68
2025-04-29T08:00:00Z,1930.54
2025-04-29T09:00:00Z,2143.37
2025-04-29T10:00:00Z,4774.76
2025-04-29T11:00:00Z,2427.52
2025-04-29T12:00:00Z,2836.41
2025-04-29T13:00:00Z,2964.76
2025-04-29T14:00:00Z,3626.56
2025-04-29T15:00:00Z,2924.16
2025-04-29T16:00:00Z,3610.98
2025-04-29T17:00:00Z,1890.78
2025-04-29T18:00:00Z,2679.64
2025-04-29T19:00:00Z,155.49
2025-04-29T20:00:00Z,256.72
2025-04-29T21:00:00Z,1344.12
2025-04-29T22:00:00Z,738.56
2025-04-29T23:00:00Z,427.86
2025-04-30T00:00:00Z,740.27
2025-04-30T01:00:00Z,1730.07
2025-04-30T02:00:00Z,1430.73
2025-04-30T03:00:00Z,1456.76
2025-04-30T04:00:00Z,360.75
2025-04-30T05:00:00Z,30.66
2025-04-30T06:00:00Z,70.93
2025-04-30T07:00:00Z,592.44
2025-04-30T08:00:00Z,3257.08
2025-04-30T09:00:00Z,3850.46
2025-04-30T10:00:00Z,3043.02
2025-04-30T11:00:00Z,2809.31
2025-04-30T12:00:00Z,3846.67
2025-04-30T13:00:00Z,3119.06
2025-04-30T14:00:00Z,2190.28
2025-04-30T15:00:00Z,2914.58
2025-04-30T16:00:00Z,2939.93
2025-04-30T17:00:00Z,3130.92
2025-04-30T18:00:00Z,3556.8
2025-04-30T19:00:00Z,1234.53
2025-04-30T20:00:00Z,48.33
2025-04-30T21:00:00Z,102.83
2025-04-30T22:00:00Z,1477.04
2025-04-30T23:00:00Z,1044.23
2025-05-01T00:00:00Z,57.87
2025-05-01T01:00:00Z,16.87
2025-05-01T02:00:00Z,378.13
2025-05-01T03:00:00Z,115.19
2025-05-01T04:00:00Z,376.2
2025-05-01T05:00:00Z,432.15
2025-05-01T06:00:00Z,325.98
2025-05-01T07:00:00Z,992.06
2025-05-01T08:00:00Z,4274.68
2025-05-01T09:00:00Z,3557.13
2025-05-01T10:00:00Z,4041.12
2025-05-01T11:00:00Z,1903.61
2025-05-01T12:00:00Z,2922.62
2025-05-01T13:00:00Z,3674.28
2025-05-01T14:00:00Z,1730.96
2025-05-01T15:00:00Z,3575.54
2025-05-01T16:00:00Z,1657.06
2025-05-01T17:00:00Z,3417.83
2025-05-01T18:00:00Z,3778.44
2025-05-01T19:00:00Z,1057.01
2025-05-01T20:00:00Z,1718.21
2025-05-01T21:00:00Z,1295.59
2025-05-01T22:00:00Z,76.3
2025-05-01T23:00:00Z,825.68
2025-05-02T00:00:00Z,414.01
2025-05-02T01:00:00Z,486.28
2025-05-02T02:00:00Z,542.87
2025-05-02T03:00:00Z,272.58
2025-05-02T04:00:00Z,221.44
2025-05-02T05:00:00Z,557.46
2025-05-02T06:00:00Z,198.24
2025-05-02T07:00:00Z,870.43
2025-05-02T08:00:00Z,4653.15
2025-05-02T09:00:00Z,4333.56
2025-05-02T10:00:00Z,3802.27
2025-05-02T11:00:00Z,5461.48
2025-05-02T12:00:00Z,3101.87
2025-05-02T13:00:00Z,3377.27
2025-05-02T14:00:00Z,3641.59
2025-05-02T15:00:00Z,3462.48
2025-05-02T16:00:00Z,2857.38
2025-05-02T17:00:00Z,2963.31
2025-05-02T18:00:00Z,1473.67
2025-05-02T19:00:00Z,674.51
2025-05-02T20:00:00Z,1371.1
2025-05-02T21:00:00Z,290.42
2025-05-02T22:00:00Z,194.81
2025-05-02T23:00:00Z,1120.57
2025-05-03T00:00:00Z,516.11
2025-05-03T01:00:00Z,254.08
2025-05-03T02:00:00Z,77.8
2025-05-03T03:00:00Z,613.91
2025-05-03T04:00:00Z,69.93
2025-05-03T05:00:00Z,385.13
2025-05-03T06:00:00Z,79.55
2025-05-03T07:00:00Z,596.64
2025-05-03T08:00:00Z,651.69
2025-05-03T09:00:00Z,1988.31
2025-05-03T10:00:00Z,767.92
2025-05-03T11:00:00Z,1878.31
2025-05-03T12:00:00Z,2168.3
2025-05-03T13:00:00Z,2413.69
2025-05-03T14:00:00Z,1637.8
2025-05-03T15:00:00Z,2056.64
2025-05-03T16:00:00Z,2621.4
2025-05-03T17:00:00Z,902.03
2025-05-03T18:00:00Z,3812.08
2025-05-03T19:00:00Z,396.62
2025-05-03T20:00:00Z,294.93
2025-05-03T21:00:00Z,4.23
2025-05-03T22:00:00Z,140.17
2025-05-03T23:00:00Z,85.12
2025-05-04T00:00:00Z,499.38
2025-05-04T01:00:00Z,516.64
2025-05-04T02:00:00Z,137.71
2025-05-04T03:00:00Z,481.67
2025-05-04T04:00:00Z,835.62
2025-05-04T05:00:00Z,14.59
2025-05-04T06:00:00Z,172.77
2025-05-04T07:00:00Z,47.5
2025-05-04T08:00:00Z,2672.48
2025-05-04T09:00:00Z,2331.81
2025-05-04T10:00:00Z,2594.3
2025-05-04T11:00:00Z,1179.29
2025-05-04T12:00:00Z,1171.74
2025-05-04T13:00:00Z,862.42
2025-05-04T14:00:00Z,1391.4
2025-05-04T15:00:00Z,1531.3
2025-05-04T16:00:00Z,1181.43
2025-05-04T17:00:00Z,2211.64
2025-05-04T18:00:00Z,1661.32
2025-05-04T19:00:00Z,152.31
2025-05-04T20:00:00Z,6.15
2025-05-04T21:00:00Z,80.11
2025-05-04T22:00:00Z,244.87
2025-05-04T23:00:00Z,377.93
2025-05-05T00:00:00Z,362.23
2025-05-05T01:00:00Z,314.79
2025-05-05T02:00:00Z,958.31
2025-05-05T03:00:00Z,762.46
2025-05-05T04:00:00Z,938.98
2025-05-05T05:00:00Z,756.22
2025-05-05T06:00:00Z,775.53
2025-05-05T07:00:00Z,723.4
2025-05-05T08:00:00Z,2904.79
2025-05-05T09:00:00Z,2421.83
2025-05-05T10:00:00Z,4093.61
2025-05-05T11:00:00Z,3266.3
2025-05-05T12:00:00Z,3282.29
2025-05-05T13:00:00Z,4917.01
2025-05-05T14:00:00Z,5792.9
2025-05-05T15:00:00Z,2624.91
2025-05-05T16:00:00Z,3728.46
2025-05-05T17:00:00Z,3561.71
2025-05-05T18:00:00Z,1362.0
2025-05-05T19:00:00Z,925.23
2025-05-05T20:00:00Z,541.44
2025-05-05T21:00:00Z,87.26
2025-05-05T22:00:00Z,620.67
2025-05-05T23:00:00Z,805.47
2025-05-06T00:00:00Z,171.92
2025-05-06T01:00:00Z,989.76
2025-05-06T02:00:00Z,823.1
2025-05-06T03:00:00Z,714.69
2025-05-06T04:00:00Z,137.5
2025-05-06T05:00:00Z,126.23
2025-05-06T06:00:00Z,740.16
2025-05-06T07:00:00Z,469.92
2025-05-06T08:00:00Z,1389.39
2025-05-06T09:00:00Z,3963.89
2025-05-06T10:00:00Z,3685.97
2025-05-06T11:00:00Z,5031.51
2025-05-06T12:00:00Z,2187.38
2025-05-06T13:00:00Z,3146.79
2025-05-06T14:00:00Z,3167.77
2025-05-06T15:00:00Z,2508.04
2025-05-06T16:00:00Z,2159.8
2025-05-06T17:00:00Z,2580.27
2025-05-06T18:00:00Z,2282.06
2025-05-06T19:00:00Z,823.18
2025-05-06T20:00:00Z,820.98
2025-05-06T21:00:00Z,949.65
2025-05-06T22:00:00Z,820.53
2025-05-06T23:00:00Z,994.0
2025-05-07T00:00:00Z,147.52
2025-05-07T01:00:00Z,920.32
2025-05-07T02:00:00Z,717.15
2025-05-07T03:00:00Z,643.02
2025-05-07T04:00:00Z,479.54
2025-05-07T05:00:00Z,422.95
2025-05-07T06:00:00Z,345.94
2025-05-07T07:00:00Z,932.79
2025-05-07T08:00:00Z,2699.99
2025-05-07T09:00:00Z,3903.06
2025-05-07T10:00:00Z,3776.69
2025-05-07T11:00:00Z,12993.0
2025-05-07T12:00:00Z,12971.84
2025-05-07T13:00:00Z,13620.67
2025-05-07T14:00:00Z,12746.21
2025-05-07T15:00:00Z,9841.75
2025-05-07T16:00:00Z,16424.84
2025-05-07T17:00:00Z,11203.41
2025-05-07T18:00:00Z,10441.47
2025-05-07T19:00:00Z,2737.89
2025-05-07T20:00:00Z,2172.47
2025-05-07T21:00:00Z,1603.86
2025-05-07T22:00:00Z,296.89
2025-05-07T23:00:00Z,927.82
2025-05-08T00:00:00Z,1073.93
2025-05-08T01:00:00Z,444.7
2025-05-08T02:00:00Z,133.5
2025-05-08T03:00:00Z,287.31
2025-05-08T04:00:00Z,1171.64
2025-05-08T05:00:00Z,223.11
2025-05-08T06:00:00Z,1026.56
2025-05-08T07:00:00Z,941.45
2025-05-08T08:00:00Z,2821.03
2025-05-08T09:00:00Z,4301.9
2025-05-08T10:00:00Z,3186.58
2025-05-08T11:00:00Z,2986.53
2025-05-08T12:00:00Z,2506.79
2025-05-08T13:00:00Z,3427.46
2025-05-08T14:00:00Z,2914.43
2025-05-08T15:00:00Z,5482.79
2025-05-08T16:00:00Z,2455.94
2025-05-08T17:00:00Z,2137.68
2025-05-08T18:00:00Z,4268.57
2025-05-08T19:00:00Z,1056.44
2025-05-08T20:00:00Z,659.36
2025-05-08T21:00:00Z,428.34
2025-05-08T22:00:00Z,706.28
2025-05-08T23:00:00Z,1612.86
2025-05-09T00:00:00Z,695.68
2025-05-09T01:00:00Z,1266.09
2025-05-09T02:00:00Z,558.69
2025-05-09T03:00:00Z,121.13
2025-05-09T04:00:00Z,752.52
2025-05-09T05:00:00Z,586.92
2025-05-09T06:00:00Z,1391.0
2025-05-09T07:00:00Z,777.91
2025-05-09T08:00:00Z,4968.78
2025-05-09T09:00:00Z,1783.34
2025-05-09T10:00:00Z,2417.61
2025-05-09T11:00:00Z,2224.6
2025-05-09T12:00:00Z,3319.8
2025-05-09T13:00:00Z,2823.97
2025-05-09T14:00:00Z,2065.26
2025-05-09T15:00:00Z,2202.43
2025-05-09T16:00:00Z,1290.48
2025-05-09T17:00:00Z,2660.91
2025-05-09T18:00:00Z,2417.77
2025-05-09T19:00:00Z,373.49
2025-05-09T20:00:00Z,852.78
2025-05-09T21:00:00Z,84.23
2025-05-09T22:00:00Z,675.99
2025-05-09T23:00:00Z,231.87
2025-05-10T00:00:00Z,473.23
2025-05-10T01:00:00Z,52.73
2025-05-10T02:00:00Z,132.67
2025-05-10T03:00:00Z,286.06
2025-05-10T04:00:00Z,892.06
2025-05-10T05:00:00Z,400.99
2025-05-10T06:00:00Z,619.65
2025-05-10T07:00:00Z,27.0
2025-05-10T08:00:00Z,2364.68
2025-05-10T09:00:00Z,1607.67
2025-05-10T10:00:00Z,694.82
2025-05-10T11:00:00Z,1902.23
2025-05-10T12:00:00Z,3458.04
2025-05-10T13:00:00Z,306.54
2025-05-10T14:00:00Z,1177.23
2025-05-10T15:00:00Z,591.79
2025-05-10T16:00:00Z,1945.3
2025-05-10T17:00:00Z,1181.69
2025-05-10T18:00:00Z,1534.29
2025-05-10T19:00:00Z,408.98
2025-05-10T20:00:00Z,20.37
2025-05-10T21:00:00Z,155.43
2025-05-10T22:00:00Z,523.98
2025-05-10T23:00:00Z,278.42
2025-05-11T00:00:00Z,16.88
2025-05-11T01:00:00Z,429.77
2025-05-11T02:00:00Z,8.88
2025-05-11T03:00:00Z,280.71
2025-05-11T04:00:00Z,395.65
2025-05-11T05:00:00Z,744.1
2025-05-11T06:00:00Z,67.1
2025-05-11T07:00:00Z,334.92
2025-05-11T08:00:00Z,1095.53
2025-05-11T09:00:00Z,1800.11
2025-05-11T10:00:00Z,1930.3
2025-05-11T11:00:00Z,1874.29
2025-05-11T12:00:00Z,1314.58
2025-05-11T13:00:00Z,2792.33
2025-05-11T14:00:00Z,1655.81
2025-05-11T15:00:00Z,1677.04
2025-05-11T16:00:00Z,2016.35
2025-05-11T17:00:00Z,1640.06
2025-05-11T18:00:00Z,3091.82
2025-05-11T19:00:00Z,462.08
2025-05-11T20:00:00Z,504.11
2025-05-11T21:00:00Z,10.56
2025-05-11T22:00:00Z,49.55
2025-05-11T23:00:00Z,85.5
2025-05-12T00:00:00Z,580.82
2025-05-12T01:00:00Z,390.88
2025-05-12T02:00:00Z,1245.39
2025-05-12T03:00:00Z,358.38
2025-05-12T04:00:00Z,214.85
2025-05-12T05:00:00Z,421.32
2025-05-12T06:00:00Z,685.24
2025-05-12T07:00:00Z,194.13
2025-05-12T08:00:00Z,1562.84
2025-05-12T09:00:00Z,2180.75
2025-05-12T10:00:00Z,1899.77
2025-05-12T11:00:00Z,3606.87
2025-05-12T12:00:00Z,2736.39
2025-05-12T13:00:00Z,4225.02
2025-05-12T14:00:00Z,4282.42
2025-05-12T15:00:00Z,4131.75
2025-05-12T16:00:00Z,2457.44
2025-05-12T17:00:00Z,4581.44
2025-05-12T18:00:00Z,2035.93
2025-05-12T19:00:00Z,517.46
2025-05-12T20:00:00Z,457.28
2025-05-12T21:00:00Z,16.24
2025-05-12T22:00:00Z,363.51
2025-05-12T23:00:00Z,164.07
2025-05-13T00:00:00Z,606.17
2025-05-13T01:00:00Z,833.19
2025-05-13T02:00:00Z,453.73
2025-05-13T03:00:00Z,267.55
2025-05-13T04:00:00Z,176.65
2025-05-13T05:00:00Z,424.97
2025-05-13T06:00:00Z,342.34
2025-05-13T07:00:00Z,22.99
2025-05-13T08:00:00Z,3283.66
2025-05-13T09:00:00Z,4136.47
2025-05-13T10:00:00Z,5617.21
2025-05-13T11:00:00Z,2465.15
2025-05-13T12:00:00Z,4171.45
2025-05-13T13:00:00Z,3239.53
2025-05-13T14:00:00Z,2688.47
2025-05-13T15:00:00Z,3197.81
2025-05-13T16:00:00Z,2308.01
2025-05-13T17:00:00Z,2916.89
2025-05-13T18:00:00Z,2622.95
2025-05-13T19:00:00Z,133.41
2025-05-13T20:00:00Z,811.39
2025-05-13T21:00:00Z,683.59
2025-05-13T22:00:00Z,247.78
2025-05-13T23:00:00Z,1813.03
2025-05-14T00:00:00Z,444.81
2025-05-14T01:00:00Z,452.69
2025-05-14T02:00:00Z,801.34
2025-05-14T03:00:00Z,122.98
2025-05-14T04:00:00Z,702.23
2025-05-14T05:00:00Z,383.87
2025-05-14T06:00:00Z,55.02
2025-05-14T07:00:00Z,1211.22
2025-05-14T08:00:00Z,2247.4
2025-05-14T09:00:00Z,5833.69
2025-05-14T10:00:00Z,2638.63
2025-05-14T11:00:00Z,3731.95
2025-05-14T12:00:00Z,3515.09
2025-05-14T13:00:00Z,2216.96
2025-05-14T14:00:00Z,3432.3
2025-05-14T15:00:00Z,2799.18
2025-05-14T16:00:00Z,2751.16
2025-05-14T17:00:00Z,3381.38
2025-05-14T18:00:00Z,5238.15
2025-05-14T19:00:00Z,697.78
2025-05-14T20:00:00Z,924.23
2025-05-14T21:00:00Z,1969.08
2025-05-14T22:00:00Z,566.05
2025-05-14T23:00:00Z,269.03
2025-05-15T00:00:00Z,304.65
2025-05-15T01:00:00Z,760.33
2025-05-15T02:00:00Z,760.92
2025-05-15T03:00:00Z,765.69
2025-05-15T04:00:00Z,729.62
2025-05-15T05:00:00Z,1051.3
2025-05-15T06:00:00Z,612.11
2025-05-15T07:00:00Z,835.02
2025-05-15T08:00:00Z,2636.76
2025-05-15T09:00:00Z,1987.85
2025-05-15T10:00:00Z,2526.07
2025-05-15T11:00:00Z,6200.93
2025-05-15T12:00:00Z,3703.25
2025-05-15T13:00:00Z,2318.17
2025-05-15T14:00:00Z,3693.61
2025-05-15T15:00:00Z,2828.58
2025-05-15T16:00:00Z,2175.09
2025-05-15T17:00:00Z,4105.28
2025-05-15T18:00:00Z,2483.19
2025-05-15T19:00:00Z,74.73
2025-05-15T20:00:00Z,725.79
2025-05-15T21:00:00Z,78.66
2025-05-15T22:00:00Z,445.82
2025-05-15T23:00:00Z,89.09
2025-05-16T00:00:00Z,483.11
2025-05-16T01:00:00Z,1065.42
2025-05-16T02:00:00Z,631.77
2025-05-16T03:00:00Z,1115.03
2025-05-16T04:00:00Z,907.95
2025-05-16T05:00:00Z,1465.81
2025-05-16T06:00:00Z,929.91
2025-05-16T07:00:00Z,713.6
2025-05-16T08:00:00Z,3110.68
2025-05-16T09:00:00Z,1170.96
2025-05-16T10:00:00Z,4019.16
2025-05-16T11:00:00Z,3067.96
2025-05-16T12:00:00Z,2530.22
2025-05-16T13:00:00Z,4820.11
2025-05-16T14:00:00Z,2150.96
2025-05-16T15:00:00Z,2621.2
2025-05-16T16:00:00Z,1613.28
2025-05-16T17:00:00Z,2911.64
2025-05-16T18:00:00Z,2093.32
2025-05-16T19:00:00Z,133.67
2025-05-16T20:00:00Z,365.96
2025-05-16T21:00:00Z,432.84
2025-05-16T22:00:00Z,584.0
2025-05-16T23:00:00Z,1193.32
2025-05-17T00:00:00Z,75.16
2025-05-17T01:00:00Z,786.11
2025-05-17T02:00:00Z,804.62
2025-05-17T03:00:00Z,8.48
2025-05-17T04:00:00Z,642.96
2025-05-17T05:00:00Z,793.45
2025-05-17T06:00:00Z,361.65
2025-05-17T07:00:00Z,51.41
2025-05-17T08:00:00Z,1449.74
2025-05-17T09:00:00Z,1904.33
2025-05-17T10:00:00Z,1489.85
2025-05-17T11:00:00Z,2350.27
2025-05-17T12:00:00Z,1314.01
2025-05-17T13:00:00Z,2237.75
2025-05-17T14:00:00Z,1672.16
2025-05-17T15:00:00Z,1395.03
2025-05-17T16:00:00Z,2023.92
2025-05-17T17:00:00Z,1977.91
2025-05-17T18:00:00Z,848.52
2025-05-17T19:00:00Z,931.42
2025-05-17T20:00:00Z,387.66
2025-05-17T21:00:00Z,441.29
2025-05-17T22:00:00Z,21.86
2025-05-17T23:00:00Z,150.86
2025-05-18T00:00:00Z,295.41
2025-05-18T01:00:00Z,57.59
2025-05-18T02:00:00Z,305.09
2025-05-18T03:00:00Z,6.56
2025-05-18T04:00:00Z,48.73
2025-05-18T05:00:00Z,735.11
2025-05-18T06:00:00Z,714.5
2025-05-18T07:00:00Z,278.06
2025-05-18T08:00:00Z,1560.65
2025-05-18T09:00:00Z,596.02
2025-05-18T10:00:00Z,1661.2
2025-05-18T11:00:00Z,1914.82
2025-05-18T12:00:00Z,3617.16
2025-05-18T13:00:00Z,2120.32
2025-05-18T14:00:00Z,670.66
2025-05-18T15:00:00Z,939.53
2025-05-18T16:00:00Z,1229.58
2025-05-18T17:00:00Z,1846.63
2025-05-18T18:00:00Z,1409.55
2025-05-18T19:00:00Z,881.5
2025-05-18T20:00:00Z,1078.57
2025-05-18T21:00:00Z,73.15
2025-05-18T22:00:00Z,341.26
2025-05-18T23:00:00Z,24.73
2025-05-19T00:00:00Z,468.42
2025-05-19T01:00:00Z,92.04
2025-05-19T02:00:00Z,31.44
2025-05-19T03:00:00Z,362.63
2025-05-19T04:00:00Z,122.97
2025-05-19T05:00:00Z,507.32
2025-05-19T06:00:00Z,746.26
2025-05-19T07:00:00Z,1467.35
2025-05-19T08:00:00Z,2723.56
2025-05-19T09:00:00Z,2399.4
2025-05-19T10:00:00Z,3441.61
2025-05-19T11:00:00Z,2165.9
2025-05-19T12:00:00Z,3331.39
2025-05-19T13:00:00Z,4403.63
2025-05-19T14:00:00Z,3047.48
2025-05-19T15:00:00Z,2962.77
2025-05-19T16:00:00Z,1660.97
2025-05-19T17:00:00Z,4750.78
2025-05-19T18:00:00Z,2996.88
2025-05-19T19:00:00Z,637.91
2025-05-19T20:00:00Z,401.63
2025-05-19T21:00:00Z,1073.99
2025-05-19T22:00:00Z,949.42
2025-05-19T23:00:00Z,729.69
2025-05-20T00:00:00Z,14.07
2025-05-20T01:00:00Z,1064.07
2025-05-20T02:00:00Z,906.69
2025-05-20T03:00:00Z,414.09
2025-05-20T04:00:00Z,1253.78
2025-05-20T05:00:00Z,178.85
2025-05-20T06:00:00Z,767.58
2025-05-20T07:00:00Z,624.28
2025-05-20T08:00:00Z,2930.77
2025-05-20T09:00:00Z,2951.16
2025-05-20T10:00:00Z,2118.84
2025-05-20T11:00:00Z,4472.65
2025-05-20T12:00:00Z,3533.28
2025-05-20T13:00:00Z,3045.0
2025-05-20T14:00:00Z,2538.42
2025-05-20T15:00:00Z,3442.13
2025-05-20T16:00:00Z,3516.98
2025-05-20T17:00:00Z,4761.18
2025-05-20T18:00:00Z,4120.91
2025-05-20T19:00:00Z,606.58
2025-05-20T20:00:00Z,1170.62
2025-05-20T21:00:00Z,92.99
2025-05-20T22:00:00Z,1013.34
2025-05-20T23:00:00Z,539.78
2025-05-21T00:00:00Z,446.29
2025-05-21T01:00:00Z,8.01
2025-05-21T02:00:00Z,1029.02
2025-05-21T03:00:00Z,694.65
2025-05-21T04:00:00Z,543.3
2025-05-21T05:00:00Z,1212.74
2025-05-21T06:00:00Z,76.9
2025-05-21T07:00:00Z,371.88
2025-05-21T08:00:00Z,2333.61
2025-05-21T09:00:00Z,3259.3
2025-05-21T10:00:00Z,4615.45
2025-05-21T11:00:00Z,1618.06
2025-05-21T12:00:00Z,3352.87
2025-05-21T13:00:00Z,3832.98
2025-05-21T14:00:00Z,3304.34
2025-05-21T15:00:00Z,3906.54
2025-05-21T16:00:00Z,2353.89
2025-05-21T17:00:00Z,1811.31
2025-05-21T18:00:00Z,3162.19
2025-05-21T19:00:00Z,908.85
2025-05-21T20:00:00Z,272.11
2025-05-21T21:00:00Z,912.39
2025-05-21T22:00:00Z,982.07
2025-05-21T23:00:00Z,207.62
2025-05-22T00:00:00Z,1221.31
2025-05-22T01:00:00Z,1097.74
2025-05-22T02:00:00Z,559.34
2025-05-22T03:00:00Z,480.88
2025-05-22T04:00:00Z,153.05
2025-05-22T05:00:00Z,49.21
2025-05-22T06:00:00Z,72.98
2025-05-22T07:00:00Z,806.69
2025-05-22T08:00:00Z,2014.03
2025-05-22T09:00:00Z,2477.97
2025-05-22T10:00:00Z,4241.03
2025-05-22T11:00:00Z,1895.34
2025-05-22T12:00:00Z,2706.46
2025-05-22T13:00:00Z,2341.04
2025-05-22T14:00:00Z,3831.51
2025-05-22T15:00:00Z,3127.55
2025-05-22T16:00:00Z,3088.72
2025-05-22T17:00:00Z,1842.16
2025-05-22T18:00:00Z,6693.45
2025-05-22T19:00:00Z,436.76
2025-05-22T20:00:00Z,496.91
2025-05-22T21:00:00Z,299.88
2025-05-22T22:00:00Z,703.51
2025-05-22T23:00:00Z,1028.03
2025-05-23T00:00:00Z,127.85
2025-05-23T01:00:00Z,580.55
2025-05-23T02:00:00Z,426.82
2025-05-23T03:00:00Z,890.02
2025-05-23T04:00:00Z,1831.5
2025-05-23T05:00:00Z,788.66
2025-05-23T06:00:00Z,398.91
2025-05-23T07:00:00Z,665.67
2025-05-23T08:00:00Z,2575.12
2025-05-23T09:00:00Z,3802.87
2025-05-23T10:00:00Z,1707.36
2025-05-23T11:00:00Z,3164.53
2025-05-23T12:00:00Z,2244.29
2025-05-23T13:00:00Z,4596.1
2025-05-23T14:00:00Z,3627.2
2025-05-23T15:00:00Z,3769.64
2025-05-23T16:00:00Z,4602.14
2025-05-23T17:00:00Z,3927.35
2025-05-23T18:00:00Z,1348.34
2025-05-23T19:00:00Z,1597.45
2025-05-23T20:00:00Z,3795.33
2025-05-23T21:00:00Z,4665.37
2025-05-23T22:00:00Z,4079.46
2025-05-23T23:00:00Z,6669.33
2025-05-24T00:00:00Z,2425.8
2025-05-24T01:00:00Z,3489.97
2025-05-24T02:00:00Z,2877.95
2025-05-24T03:00:00Z,1433.24
2025-05-24T04:00:00Z,1307.49
2025-05-24T05:00:00Z,2723.65
2025-05-24T06:00:00Z,1683.82
2025-05-24T07:00:00Z,567.17
2025-05-24T08:00:00Z,3824.69
2025-05-24T09:00:00Z,2526.87
2025-05-24T10:00:00Z,1379.32
2025-05-24T11:00:00Z,1777.53
2025-05-24T12:00:00Z,1510.25
2025-05-24T13:00:00Z,975.39
2025-05-24T14:00:00Z,1307.57
2025-05-24T15:00:00Z,1135.8
2025-05-24T16:00:00Z,1475.43
2025-05-24T17:00:00Z,2313.37
2025-05-24T18:00:00Z,2094.36
2025-05-24T19:00:00Z,338.63
2025-05-24T20:00:00Z,107.7
2025-05-24T21:00:00Z,13.66
2025-05-24T22:00:00Z,48.36
2025-05-24T23:00:00Z,117.81
2025-05-25T00:00:00Z,332.05
2025-05-25T01:00:00Z,55.0
2025-05-25T02:00:00Z,541.39
2025-05-25T03:00:00Z,17.76
2025-05-25T04:00:00Z,119.45
2025-05-25T05:00:00Z,320.82
2025-05-25T06:00:00Z,16.68
2025-05-25T07:00:00Z,17.99
2025-05-25T08:00:00Z,2796.22
2025-05-25T09:00:00Z,503.79
2025-05-25T10:00:00Z,2079.45
2025-05-25T11:00:00Z,2025.47
2025-05-25T12:00:00Z,1774.83
2025-05-25T13:00:00Z,1424.0
2025-05-25T14:00:00Z,3153.62
2025-05-25T15:00:00Z,1422.22
2025-05-25T16:00:00Z,3064.91
2025-05-25T17:00:00Z,1903.62
2025-05-25T18:00:00Z,1158.53
2025-05-25T19:00:00Z,108.61
2025-05-25T20:00:00Z,424.59
2025-05-25T21:00:00Z,419.56
2025-05-25T22:00:00Z,13.36
2025-05-25T23:00:00Z,511.08
2025-05-26T00:00:00Z,42.18
2025-05-26T01:00:00Z,48.3
2025-05-26T02:00:00Z,167.71
2025-05-26T03:00:00Z,360.45
2025-05-26T04:00:00Z,357.21
2025-05-26T05:00:00Z,498.44
2025-05-26T06:00:00Z,1525.12
2025-05-26T07:00:00Z,1005.88
2025-05-26T08:00:00Z,1618.33
2025-05-26T09:00:00Z,3412.33
2025-05-26T10:00:00Z,3444.63
2025-05-26T11:00:00Z,2875.95
2025-05-26T12:00:00Z,4096.33
2025-05-26T13:00:00Z,3183.76
2025-05-26T14:00:00Z,3102.95
2025-05-26T15:00:00Z,3955.81
2025-05-26T16:00:00Z,3813.73
2025-05-26T17:00:00Z,3201.12
2025-05-26T18:00:00Z,3154.28
2025-05-26T19:00:00Z,255.77
2025-05-26T20:00:00Z,739.39
2025-05-26T21:00:00Z,311.58
2025-05-26T22:00:00Z,1148.03
2025-05-26T23:00:00Z,1223.88
2025-05-27T00:00:00Z,871.21
2025-05-27T01:00:00Z,43.4
2025-05-27T02:00:00Z,664.19
2025-05-27T03:00:00Z,695.26
2025-05-27T04:00:00Z,735.71
2025-05-27T05:00:00Z,558.63
2025-05-27T06:00:00Z,1008.93
2025-05-27T07:00:00Z,267.24
2025-05-27T08:00:00Z,5550.78
2025-05-27T09:00:00Z,3272.24
2025-05-27T10:00:00Z,4865.95
2025-05-27T11:00:00Z,2274.53
2025-05-27T12:00:00Z,3579.14
2025-05-27T13:00:00Z,3590.14
2025-05-27T14:00:00Z,4590.45
2025-05-27T15:00:00Z,1391.28
2025-05-27T16:00:00Z,4280.3
2025-05-27T17:00:00Z,1930.47
2025-05-27T18:00:00Z,2364.64
2025-05-27T19:00:00Z,406.42
2025-05-27T20:00:00Z,1059.75
2025-05-27T21:00:00Z,1333.38
2025-05-27T22:00:00Z,771.06
2025-05-27T23:00:00Z,492.52
2025-05-28T00:00:00Z,21.43
2025-05-28T01:00:00Z,104.46
2025-05-28T02:00:00Z,1296.38
2025-05-28T03:00:00Z,1231.21
2025-05-28T04:00:00Z,625.34
2025-05-28T05:00:00Z,14.66
2025-05-28T06:00:00Z,1254.5
2025-05-28T07:00:00Z,767.4
2025-05-28T08:00:00Z,5379.0
2025-05-28T09:00:00Z,3546.96
2025-05-28T10:00:00Z,4043.8
2025-05-28T11:00:00Z,3771.12
2025-05-28T12:00:00Z,3586.97
2025-05-28T13:00:00Z,4138.99
2025-05-28T14:00:00Z,3825.86
2025-05-28T15:00:00Z,3032.11
2025-05-28T16:00:00Z,6187.17
2025-05-28T17:00:00Z,2313.28
2025-05-28T18:00:00Z,3817.99
2025-05-28T19:00:00Z,878.21
2025-05-28T20:00:00Z,170.63
2025-05-28T21:00:00Z,484.08
2025-05-28T22:00:00Z,619.47
2025-05-28T23:00:00Z,554.46
2025-05-29T00:00:00Z,836.95
2025-05-29T01:00:00Z,1065.41
2025-05-29T02:00:00Z,422.86
2025-05-29T03:00:00Z,324.94
2025-05-29T04:00:00Z,1110.82
2025-05-29T05:00:00Z,701.46
2025-05-29T06:00:00Z,1087.41
2025-05-29T07:00:00Z,55.16
2025-05-29T08:00:00Z,2938.11
2025-05-29T09:00:00Z,3026.23
2025-05-29T10:00:00Z,3578.87
2025-05-29T11:00:00Z,4396.84
2025-05-29T12:00:00Z,3085.64
2025-05-29T13:00:00Z,2938.06
2025-05-29T14:00:00Z,3020.25
2025-05-29T15:00:00Z,3423.23
2025-05-29T16:00:00Z,5331.91
2025-05-29T17:00:00Z,5538.63
2025-05-29T18:00:00Z,2744.32
2025-05-29T19:00:00Z,129.07
2025-05-29T20:00:00Z,142.39
2025-05-29T21:00:00Z,606.4
2025-05-29T22:00:00Z,298.71
2025-05-29T23:00:00Z,587.24
2025-05-30T00:00:00Z,63.16
2025-05-30T01:00:00Z,748.87
2025-05-30T02:00:00Z,370.89
2025-05-30T03:00:00Z,116.54
2025-05-30T04:00:00Z,581.64
2025-05-30T05:00:00Z,1565.5
2025-05-30T06:00:00Z,216.24
2025-05-30T07:00:00Z,250.29
2025-05-30T08:00:00Z,2590.0
2025-05-30T09:00:00Z,3107.03
2025-05-30T10:00:00Z,2910.29
2025-05-30T11:00:00Z,5058.85
2025-05-30T12:00:00Z,3494.41
2025-05-30T13:00:00Z,3934.46
2025-05-30T14:00:00Z,3015.44
2025-05-30T15:00:00Z,4189.58
2025-05-30T16:00:00Z,3388.63
2025-05-30T17:00:00Z,5160.93
2025-05-30T18:00:00Z,4123.62
2025-05-30T19:00:00Z,1210.03
2025-05-30T20:00:00Z,921.48
2025-05-30T21:00:00Z,963.63
2025-05-30T22:00:00Z,558.15
2025-05-30T23:00:00Z,724.54
2025-05-31T00:00:00Z,55.54
2025-05-31T01:00:00Z,712.47
2025-05-31T02:00:00Z,469.18
2025-05-31T03:00:00Z,212.55
2025-05-31T04:00:00Z,451.13
2025-05-31T05:00:00Z,418.09
2025-05-31T06:00:00Z,42.79
2025-05-31T07:00:00Z,96.99
2025-05-31T08:00:00Z,2717.48
2025-05-31T09:00:00Z,1724.9
2025-05-31T10:00:00Z,1341.35
2025-05-31T11:00:00Z,1269.11
2025-05-31T12:00:00Z,1851.17
2025-05-31T13:00:00Z,1031.46
2025-05-31T14:00:00Z,1421.41
2025-05-31T15:00:00Z,1279.59
2025-05-31T16:00:00Z,1380.06
2025-05-31T17:00:00Z,2662.87
2025-05-31T18:00:00Z,1437.44
2025-05-31T19:00:00Z,253.37
2025-05-31T20:00:00Z,275.89
2025-05-31T21:00:00Z,720.92
2025-05-31T22:00:00Z,232.86
2025-05-31T23:00:00Z,9.1
2025-06-01T00:00:00Z,434.13
2025-06-01T01:00:00Z,48.75
2025-06-01T02:00:00Z,315.24
2025-06-01T03:00:00Z,715.55
2025-06-01T04:00:00Z,6.7
2025-06-01T05:00:00Z,437.53
2025-06-01T06:00:00Z,44.64
2025-06-01T07:00:00Z,16.6
2025-06-01T08:00:00Z,272.9
2025-06-01T09:00:00Z,1610.51
2025-06-01T10:00:00Z,2492.66
2025-06-01T11:00:00Z,2054.55
2025-06-01T12:00:00Z,1305.48
2025-06-01T13:00:00Z,1073.21
2025-06-01T14:00:00Z,2118.74
2025-06-01T15:00:00Z,2303.2
2025-06-01T16:00:00Z,1221.82
2025-06-01T17:00:00Z,1054.55
2025-06-01T18:00:00Z,643.24
2025-06-01T19:00:00Z,6.89
2025-06-01T20:00:00Z,494.15
2025-06-01T21:00:00Z,7.1
2025-06-01T22:00:00Z,272.04
2025-06-01T23:00:00Z,378.82
2025-06-02T00:00:00Z,522.53
2025-06-02T01:00:00Z,1135.35
2025-06-02T02:00:00Z,510.34
2025-06-02T03:00:00Z,1502.9
2025-06-02T04:00:00Z,472.99
2025-06-02T05:00:00Z,212.64
2025-06-02T06:00:00Z,537.78
2025-06-02T07:00:00Z,772.13
2025-06-02T08:00:00Z,2022.48
2025-06-02T09:00:00Z,2415.4
2025-06-02T10:00:00Z,3330.2
2025-06-02T11:00:00Z,4782.9
2025-06-02T12:00:00Z,4126.95
2025-06-02T13:00:00Z,3209.25
2025-06-02T14:00:00Z,2312.09
2025-06-02T15:00:00Z,2225.42
2025-06-02T16:00:00Z,4155.09
2025-06-02T17:00:00Z,2479.32
2025-06-02T18:00:00Z,3761.88
2025-06-02T19:00:00Z,1005.39
2025-06-02T20:00:00Z,787.38
2025-06-02T21:00:00Z,600.1
2025-06-02T22:00:00Z,458.38
2025-06-02T23:00:00Z,1143.26
2025-06-03T00:00:00Z,447.51
2025-06-03T01:00:00Z,703.48
2025-06-03T02:00:00Z,1085.09
2025-06-03T03:00:00Z,231.59
2025-06-03T04:00:00Z,370.8
2025-06-03T05:00:00Z,345.55
2025-06-03T06:00:00Z,666.86
2025-06-03T07:00:00Z,558.57
2025-06-03T08:00:00Z,1350.57
2025-06-03T09:00:00Z,2160.87
2025-06-03T10:00:00Z,2808.66
2025-06-03T11:00:00Z,5528.94
2025-06-03T12:00:00Z,4429.92
2025-06-03T13:00:00Z,3489.54
2025-06-03T14:00:00Z,2927.95
2025-06-03T15:00:00Z,3139.04
2025-06-03T16:00:00Z,2174.6
2025-06-03T17:00:00Z,3935.07
2025-06-03T18:00:00Z,4095.35
2025-06-03T19:00:00Z,1014.98
2025-06-03T20:00:00Z,533.36
2025-06-03T21:00:00Z,517.08
2025-06-03T22:00:00Z,661.83
2025-06-03T23:00:00Z,1231.81
2025-06-04T00:00:00Z,509.67
2025-06-04T01:00:00Z,476.71
2025-06-04T02:00:00Z,846.3
2025-06-04T03:00:00Z,293.31
2025-06-04T04:00:00Z,362.82
2025-06-04T05:00:00Z,1256.91
2025-06-04T06:00:00Z,20.81
2025-06-04T07:00:00Z,1398.51
2025-06-04T08:00:00Z,3123.89
2025-06-04T09:00:00Z,4216.72
2025-06-04T10:00:00Z,3798.41
2025-06-04T11:00:00Z,4708.87
2025-06-04T12:00:00Z,4575.15
2025-06-04T13:00:00Z,3278.44
2025-06-04T14:00:00Z,2845.91
2025-06-04T15:00:00Z,2775.83
2025-06-04T16:00:00Z,2917.88
2025-06-04T17:00:00Z,3793.12
2025-06-04T18:00:00Z,3420.97
2025-06-04T19:00:00Z,160.21
2025-06-04T20:00:00Z,720.77
2025-06-04T21:00:00Z,322.66
2025-06-04T22:00:00Z,180.75
2025-06-04T23:00:00Z,699.78
2025-06-05T00:00:00Z,851.56
2025-06-05T01:00:00Z,1119.45
2025-06-05T02:00:00Z,71.73
2025-06-05T03:00:00Z,17.82
2025-06-05T04:00:00Z,939.74
2025-06-05T05:00:00Z,392.78
2025-06-05T06:00:00Z,1617.13
2025-06-05T07:00:00Z,927.16
2025-06-05T08:00:00Z,2474.45
2025-06-05T09:00:00Z,1719.98
2025-06-05T10:00:00Z,2804.29
2025-06-05T11:00:00Z,4615.37
2025-06-05T12:00:00Z,1898.12
2025-06-05T13:00:00Z,3020.68
2025-06-05T14:00:00Z,2545.98
2025-06-05T15:00:00Z,3041.06
2025-06-05T16:00:00Z,1856.55
2025-06-05T17:00:00Z,2726.03
2025-06-05T18:00:00Z,3149.29
2025-06-05T19:00:00Z,374.04
2025-06-05T20:00:00Z,142.96
2025-06-05T21:00:00Z,1544.1
2025-06-05T22:00:00Z,548.68
2025-06-05T23:00:00Z,927.71
2025-06-06T00:00:00Z,721.18
2025-06-06T01:00:00Z,474.78
2025-06-06T02:00:00Z,412.37
2025-06-06T03:00:00Z,235.87
2025-06-06T04:00:00Z,1101.31
2025-06-06T05:00:00Z,373.05
2025-06-06T06:00:00Z,341.28
2025-06-06T07:00:00Z,1404.45
2025-06-06T08:00:00Z,3715.33
2025-06-06T09:00:00Z,4322.58
2025-06-06T10:00:00Z,2031.25
2025-06-06T11:00:00Z,2450.26
2025-06-06T12:00:00Z,3424.84
2025-06-06T13:00:00Z,3631.79
2025-06-06T14:00:00Z,2902.08
2025-06-06T15:00:00Z,2918.82
2025-06-06T16:00:00Z,3487.87
2025-06-06T17:00:00Z,3382.92
2025-06-06T18:00:00Z,2085.62
2025-06-06T19:00:00Z,440.4
2025-06-06T20:00:00Z,496.32
2025-06-06T21:00:00Z,1829.86
2025-06-06T22:00:00Z,17.44
2025-06-06T23:00:00Z,1665.14
2025-06-07T00:00:00Z,323.35
2025-06-07T01:00:00Z,8.78
2025-06-07T02:00:00Z,809.52
2025-06-07T03:00:00Z,435.09
2025-06-07T04:00:00Z,272.33
2025-06-07T05:00:00Z,8.39
2025-06-07T06:00:00Z,343.67
2025-06-07T07:00:00Z,315.82
2025-06-07T08:00:00Z,1386.72
2025-06-07T09:00:00Z,645.04
2025-06-07T10:00:00Z,1173.07
2025-06-07T11:00:00Z,909.45
2025-06-07T12:00:00Z,1295.8
2025-06-07T13:00:00Z,2617.63
2025-06-07T14:00:00Z,1298.5
2025-06-07T15:00:00Z,1201.57
2025-06-07T16:00:00Z,1402.01
2025-06-07T17:00:00Z,853.01
2025-06-07T18:00:00Z,794.32
2025-06-07T19:00:00Z,347.98
2025-06-07T20:00:00Z,438.06
2025-06-07T21:00:00Z,357.37
2025-06-07T22:00:00Z,418.83
2025-06-07T23:00:00Z,443.83
2025-06-08T00:00:00Z,291.37
2025-06-08T01:00:00Z,7.98
2025-06-08T02:00:00Z,15.31
2025-06-08T03:00:00Z,41.42
2025-06-08T04:00:00Z,300.64
2025-06-08T05:00:00Z,396.28
2025-06-08T06:00:00Z,91.3
2025-06-08T07:00:00Z,187.01
2025-06-08T08:00:00Z,1343.58
2025-06-08T09:00:00Z,856.65
2025-06-08T10:00:00Z,1668.43
2025-06-08T11:00:00Z,986.12
2025-06-08T12:00:00Z,837.14
2025-06-08T13:00:00Z,1331.62
2025-06-08T14:00:00Z,1757.21
2025-06-08T15:00:00Z,1438.83
2025-06-08T16:00:00Z,1716.56
2025-06-08T17:00:00Z,1520.76
2025-06-08T18:00:00Z,886.44
2025-06-08T19:00:00Z,294.76
2025-06-08T20:00:00Z,85.42
2025-06-08T21:00:00Z,374.36
2025-06-08T22:00:00Z,101.83
2025-06-08T23:00:00Z,9.35
2025-06-09T00:00:00Z,22.75
2025-06-09T01:00:00Z,737.89
2025-06-09T02:00:00Z,60.67
2025-06-09T03:00:00Z,17.09
2025-06-09T04:00:00Z,560.51
2025-06-09T05:00:00Z,1403.76
2025-06-09T06:00:00Z,522.83
2025-06-09T07:00:00Z,954.96
2025-06-09T08:00:00Z,3662.51
2025-06-09T09:00:00Z,3166.03
2025-06-09T10:00:00Z,2230.37
2025-06-09T11:00:00Z,4299.57
2025-06-09T12:00:00Z,3890.06
2025-06-09T13:00:00Z,1705.71
2025-06-09T14:00:00Z,2309.59
2025-06-09T15:00:00Z,3545.16
2025-06-09T16:00:00Z,4995.3
2025-06-09T17:00:00Z,3521.84
2025-06-09T18:00:00Z,3122.0
2025-06-09T19:00:00Z,368.96
2025-06-09T20:00:00Z,389.73
2025-06-09T21:00:00Z,997.43
2025-06-09T22:00:00Z,549.31
2025-06-09T23:00:00Z,23.73
2025-06-10T00:00:00Z,132.76
2025-06-10T01:00:00Z,742.18
2025-06-10T02:00:00Z,157.48
2025-06-10T03:00:00Z,851.37
2025-06-10T04:00:00Z,571.54
2025-06-10T05:00:00Z,70.21
2025-06-10T06:00:00Z,446.47
2025-06-10T07:00:00Z,533.8
2025-06-10T08:00:00Z,3312.47
2025-06-10T09:00:00Z,3142.02
2025-06-10T10:00:00Z,2824.72
2025-06-10T11:00:00Z,3307.81
2025-06-10T12:00:00Z,3235.34
2025-06-10T13:00:00Z,3872.28
2025-06-10T14:00:00Z,3465.81
2025-06-10T15:00:00Z,2621.72
2025-06-10T16:00:00Z,3472.62
2025-06-10T17:00:00Z,3177.04
2025-06-10T18:00:00Z,3498.76
2025-06-10T19:00:00Z,133.39
2025-06-10T20:00:00Z,854.64
2025-06-10T21:00:00Z,701.89
2025-06-10T22:00:00Z,1180.62
2025-06-10T23:00:00Z,759.2
2025-06-11T00:00:00Z,433.01
2025-06-11T01:00:00Z,1125.66
2025-06-11T02:00:00Z,145.77
2025-06-11T03:00:00Z,708.12
2025-06-11T04:00:00Z,435.0
2025-06-11T05:00:00Z,872.9
2025-06-11T06:00:00Z,297.62
2025-06-11T07:00:00Z,1029.76
2025-06-11T08:00:00Z,2441.06
2025-06-11T09:00:00Z,2348.83
2025-06-11T10:00:00Z,3438.09
2025-06-11T11:00:00Z,2686.86
2025-06-11T12:00:00Z,2665.5
2025-06-11T13:00:00Z,3028.19
2025-06-11T14:00:00Z,2278.16
2025-06-11T15:00:00Z,2293.69
2025-06-11T16:00:00Z,3319.5
2025-06-11T17:00:00Z,1224.62
2025-06-11T18:00:00Z,4482.96
2025-06-11T19:00:00Z,553.16
2025-06-11T20:00:00Z,344.09
2025-06-11T21:00:00Z,123.67
2025-06-11T22:00:00Z,403.34
2025-06-11T23:00:00Z,362.86
2025-06-12T00:00:00Z,1264.21
2025-06-12T01:00:00Z,66.92
2025-06-12T02:00:00Z,307.27
2025-06-12T03:00:00Z,983.31
2025-06-12T04:00:00Z,28.38
2025-06-12T05:00:00Z,60.25
2025-06-12T06:00:00Z,338.33
2025-06-12T07:00:00Z,766.6
2025-06-12T08:00:00Z,2648.8
2025-06-12T09:00:00Z,3886.04
2025-06-12T10:00:00Z,1815.36
2025-06-12T11:00:00Z,3571.51
2025-06-12T12:00:00Z,3558.08
2025-06-12T13:00:00Z,3417.34
2025-06-12T14:00:00Z,3584.61
2025-06-12T15:00:00Z,3393.91
2025-06-12T16:00:00Z,2842.15
2025-06-12T17:00:00Z,1977.36
2025-06-12T18:00:00Z,3476.33
2025-06-12T19:00:00Z,342.16
2025-06-12T20:00:00Z,695.23
2025-06-12T21:00:00Z,817.9
2025-06-12T22:00:00Z,541.76
2025-06-12T23:00:00Z,384.35
2025-06-13T00:00:00Z,865.04
2025-06-13T01:00:00Z,922.42
2025-06-13T02:00:00Z,598.1
2025-06-13T03:00:00Z,338.55
2025-06-13T04:00:00Z,76.77
2025-06-13T05:00:00Z,855.27
2025-06-13T06:00:00Z,261.18
2025-06-13T07:00:00Z,87.21
2025-06-13T08:00:00Z,4379.94
2025-06-13T09:00:00Z,3297.82
2025-06-13T10:00:00Z,3399.75
2025-06-13T11:00:00Z,2643.15
2025-06-13T12:00:00Z,2002.82
2025-06-13T13:00:00Z,3093.26
2025-06-13T14:00:00Z,2674.76
2025-06-13T15:00:00Z,2562.71
2025-06-13T16:00:00Z,2837.78
2025-06-13T17:00:00Z,2653.21
2025-06-13T18:00:00Z,3240.84
2025-06-13T19:00:00Z,583.05
2025-06-13T20:00:00Z,250.55
2025-06-13T21:00:00Z,844.17
2025-06-13T22:00:00Z,388.58
2025-06-13T23:00:00Z,236.36
2025-06-14T00:00:00Z,903.67
2025-06-14T01:00:00Z,349.81
2025-06-14T02:00:00Z,714.98
2025-06-14T03:00:00Z,16.81
2025-06-14T04:00:00Z,57.2
2025-06-14T05:00:00Z,12.61
2025-06-14T06:00:00Z,5.96
2025-06-14T07:00:00Z,1.11
2025-06-14T08:00:00Z,1979.17
2025-06-14T09:00:00Z,2470.92
2025-06-14T10:00:00Z,589.95
2025-06-14T11:00:00Z,1734.81
2025-06-14T12:00:00Z,2096.07
2025-06-14T13:00:00Z,1716.88
2025-06-14T14:00:00Z,767.62
2025-06-14T15:00:00Z,1313.88
2025-06-14T16:00:00Z,1290.0
2025-06-14T17:00:00Z,1317.35
2025-06-14T18:00:00Z,2103.75
2025-06-14T19:00:00Z,267.23
2025-06-14T20:00:00Z,11.46
2025-06-14T21:00:00Z,55.03
2025-06-14T22:00:00Z,255.32
2025-06-14T23:00:00Z,16.41
2025-06-15T00:00:00Z,233.36
2025-06-15T01:00:00Z,12.41
2025-06-15T02:00:00Z,63.62
2025-06-15T03:00:00Z,348.68
2025-06-15T04:00:00Z,243.87
2025-06-15T05:00:00Z,916.77
2025-06-15T06:00:00Z,498.04
2025-06-15T07:00:00Z,8.83
2025-06-15T08:00:00Z,2494.12
2025-06-15T09:00:00Z,2227.94
2025-06-15T10:00:00Z,664.36
2025-06-15T11:00:00Z,1352.48
2025-06-15T12:00:00Z,1934.32
2025-06-15T13:00:00Z,1541.56
2025-06-15T14:00:00Z,1412.37
2025-06-15T15:00:00Z,1579.16
2025-06-15T16:00:00Z,1580.79
2025-06-15T17:00:00Z,1431.04
2025-06-15T18:00:00Z,1858.3
2025-06-15T19:00:00Z,362.41
2025-06-15T20:00:00Z,457.58
2025-06-15T21:00:00Z,554.13
2025-06-15T22:00:00Z,916.79
2025-06-15T23:00:00Z,270.19
2025-06-16T00:00:00Z,589.41
2025-06-16T01:00:00Z,11.71
2025-06-16T02:00:00Z,619.15
2025-06-16T03:00:00Z,112.3
2025-06-16T04:00:00Z,982.32
2025-06-16T05:00:00Z,441.5
2025-06-16T06:00:00Z,487.12
2025-06-16T07:00:00Z,119.06
2025-06-16T08:00:00Z,3083.32
2025-06-16T09:00:00Z,3349.94
2025-06-16T10:00:00Z,1899.51
2025-06-16T11:00:00Z,1928.59
2025-06-16T12:00:00Z,2165.75
2025-06-16T13:00:00Z,3544.98
2025-06-16T14:00:00Z,2747.75
2025-06-16T15:00:00Z,2337.68
2025-06-16T16:00:00Z,4272.22
2025-06-16T17:00:00Z,3844.8
2025-06-16T18:00:00Z,3619.58
2025-06-16T19:00:00Z,879.97
2025-06-16T20:00:00Z,18.16
2025-06-16T21:00:00Z,192.82
2025-06-16T22:00:00Z,10.78
2025-06-16T23:00:00Z,352.77
2025-06-17T00:00:00Z,84.14
2025-06-17T01:00:00Z,1210.8
2025-06-17T02:00:00Z,842.11
2025-06-17T03:00:00Z,47.44
2025-06-17T04:00:00Z,85.15
2025-06-17T05:00:00Z,676.89
2025-06-17T06:00:00Z,248.67
2025-06-17T07:00:00Z,763.73
2025-06-17T08:00:00Z,2582.65
2025-06-17T09:00:00Z,3199.65
2025-06-17T10:00:00Z,2651.2
2025-06-17T11:00:00Z,3557.86
2025-06-17T12:00:00Z,5989.32
2025-06-17T13:00:00Z,1611.05
2025-06-17T14:00:00Z,2532.61
2025-06-17T15:00:00Z,2186.13
2025-06-17T16:00:00Z,2316.72
2025-06-17T17:00:00Z,2942.19
2025-06-17T18:00:00Z,5142.68
2025-06-17T19:00:00Z,172.34
2025-06-17T20:00:00Z,497.96
2025-06-17T21:00:00Z,475.76
2025-06-17T22:00:00Z,195.91
2025-06-17T23:00:00Z,402.27
2025-06-18T00:00:00Z,895.39
2025-06-18T01:00:00Z,884.33
2025-06-18T02:00:00Z,119.26
2025-06-18T03:00:00Z,925.76
2025-06-18T04:00:00Z,238.95
2025-06-18T05:00:00Z,1090.81
2025-06-18T06:00:00Z,29.89
2025-06-18T07:00:00Z,250.15
2025-06-18T08:00:00Z,3922.54
2025-06-18T09:00:00Z,4297.94
2025-06-18T10:00:00Z,3516.33
2025-06-18T11:00:00Z,4449.88
2025-06-18T12:00:00Z,3766.38
2025-06-18T13:00:00Z,1125.68
2025-06-18T14:00:00Z,4127.21
2025-06-18T15:00:00Z,5309.22
2025-06-18T16:00:00Z,3324.31
2025-06-18T17:00:00Z,4422.45
2025-06-18T18:00:00Z,2245.08
2025-06-18T19:00:00Z,180.41
2025-06-18T20:00:00Z,1137.21
2025-06-18T21:00:00Z,471.28
2025-06-18T22:00:00Z,431.28
2025-06-18T23:00:00Z,655.78
2025-06-19T00:00:00Z,1043.13
2025-06-19T01:00:00Z,1277.06
2025-06-19T02:00:00Z,596.11
2025-06-19T03:00:00Z,1242.44
2025-06-19T04:00:00Z,818.17
2025-06-19T05:00:00Z,856.9
2025-06-19T06:00:00Z,22.01
2025-06-19T07:00:00Z,791.51
2025-06-19T08:00:00Z,3210.07
2025-06-19T09:00:00Z,2107.99
2025-06-19T10:00:00Z,3468.9
2025-06-19T11:00:00Z,3113.18
2025-06-19T12:00:00Z,2542.15
2025-06-19T13:00:00Z,4122.31
2025-06-19T14:00:00Z,2473.15
2025-06-19T15:00:00Z,1252.92
2025-06-19T16:00:00Z,3775.41
2025-06-19T17:00:00Z,3097.44
2025-06-19T18:00:00Z,2474.59
2025-06-19T19:00:00Z,465.46
2025-06-19T20:00:00Z,1003.11
2025-06-19T21:00:00Z,20.61
2025-06-19T22:00:00Z,1377.51
2025-06-19T23:00:00Z,441.54
2025-06-20T00:00:00Z,828.29
2025-06-20T01:00:00Z,227.86
2025-06-20T02:00:00Z,816.27
2025-06-20T03:00:00Z,452.2
2025-06-20T04:00:00Z,1171.33
2025-06-20T05:00:00Z,457.69
2025-06-20T06:00:00Z,1073.85
2025-06-20T07:00:00Z,509.0
2025-06-20T08:00:00Z,3960.5
2025-06-20T09:00:00Z,2899.57
2025-06-20T10:00:00Z,2607.77
2025-06-20T11:00:00Z,6663.77
2025-06-20T12:00:00Z,3513.7
2025-06-20T13:00:00Z,3369.46
2025-06-20T14:00:00Z,3969.36
2025-06-20T15:00:00Z,2323.17
2025-06-20T16:00:00Z,4039.97
2025-06-20T17:00:00Z,3935.87
2025-06-20T18:00:00Z,4107.07
2025-06-20T19:00:00Z,599.54
2025-06-20T20:00:00Z,139.17
2025-06-20T21:00:00Z,602.18
2025-06-20T22:00:00Z,215.47
2025-06-20T23:00:00Z,231.13
2025-06-21T00:00:00Z,13.36
2025-06-21T01:00:00Z,71.86
2025-06-21T02:00:00Z,1420.12
2025-06-21T03:00:00Z,1191.03
2025-06-21T04:00:00Z,636.51
2025-06-21T05:00:00Z,2798.84
2025-06-21T06:00:00Z,891.53
2025-06-21T07:00:00Z,1594.98
2025-06-21T08:00:00Z,7199.57
2025-06-21T09:00:00Z,8136.98
2025-06-21T10:00:00Z,8870.36
2025-06-21T11:00:00Z,1225.64
2025-06-21T12:00:00Z,427.78
2025-06-21T13:00:00Z,1357.38
2025-06-21T14:00:00Z,1884.17
2025-06-21T15:00:00Z,430.59
2025-06-21T16:00:00Z,1770.1
2025-06-21T17:00:00Z,1499.45
2025-06-21T18:00:00Z,1235.86
2025-06-21T19:00:00Z,373.61
2025-06-21T20:00:00Z,54.04
2025-06-21T21:00:00Z,434.04
2025-06-21T22:00:00Z,55.08
2025-06-21T23:00:00Z,500.97
2025-06-22T00:00:00Z,222.54
2025-06-22T01:00:00Z,497.53
2025-06-22T02:00:00Z,355.03
2025-06-22T03:00:00Z,19.84
2025-06-22T04:00:00Z,42.68
2025-06-22T05:00:00Z,635.57
2025-06-22T06:00:00Z,869.76
2025-06-22T07:00:00Z,417.32
2025-06-22T08:00:00Z,2543.24
2025-06-22T09:00:00Z,1485.29
2025-06-22T10:00:00Z,1331.06
2025-06-22T11:00:00Z,1986.22
2025-06-22T12:00:00Z,1487.16
2025-06-22T13:00:00Z,2327.45
2025-06-22T14:00:00Z,1413.63
2025-06-22T15:00:00Z,2918.87
2025-06-22T16:00:00Z,1229.26
2025-06-22T17:00:00Z,1624.44
2025-06-22T18:00:00Z,947.42
2025-06-22T19:00:00Z,354.07
2025-06-22T20:00:00Z,384.9
2025-06-22T21:00:00Z,315.61
2025-06-22T22:00:00Z,13.15
2025-06-22T23:00:00Z,234.53
2025-06-23T00:00:00Z,76.16
2025-06-23T01:00:00Z,441.28
2025-06-23T02:00:00Z,676.47
2025-06-23T03:00:00Z,1183.31
2025-06-23T04:00:00Z,200.91
2025-06-23T05:00:00Z,989.21
2025-06-23T06:00:00Z,23.36
2025-06-23T07:00:00Z,1513.92
2025-06-23T08:00:00Z,3513.35
2025-06-23T09:00:00Z,4664.77
2025-06-23T10:00:00Z,3103.57
2025-06-23T11:00:00Z,1286.03
2025-06-23T12:00:00Z,1731.73
2025-06-23T13:00:00Z,2991.34
2025-06-23T14:00:00Z,3900.27
2025-06-23T15:00:00Z,3258.87
2025-06-23T16:00:00Z,4898.68
2025-06-23T17:00:00Z,4120.82
2025-06-23T18:00:00Z,2002.14
2025-06-23T19:00:00Z,746.92
2025-06-23T20:00:00Z,498.83
2025-06-23T21:00:00Z,264.76
2025-06-23T22:00:00Z,949.24
2025-06-23T23:00:00Z,567.84
2025-06-24T00:00:00Z,424.98
2025-06-24T01:00:00Z,398.9
2025-06-24T02:00:00Z,742.43
2025-06-24T03:00:00Z,181.92
2025-06-24T04:00:00Z,97.21
2025-06-24T05:00:00Z,19.56
2025-06-24T06:00:00Z,95.85
2025-06-24T07:00:00Z,103.04
2025-06-24T08:00:00Z,1095.27
2025-06-24T09:00:00Z,3330.87
2025-06-24T10:00:00Z,3266.26
2025-06-24T11:00:00Z,1841.23
2025-06-24T12:00:00Z,3597.66
2025-06-24T13:00:00Z,1494.64
2025-06-24T14:00:00Z,5359.7
2025-06-24T15:00:00Z,3528.69
2025-06-24T16:00:00Z,4404.86
2025-06-24T17:00:00Z,2093.8
2025-06-24T18:00:00Z,2819.34
2025-06-24T19:00:00Z,1226.18
2025-06-24T20:00:00Z,437.56
2025-06-24T21:00:00Z,230.33
2025-06-24T22:00:00Z,6.01
2025-06-24T23:00:00Z,1124.09
2025-06-25T00:00:00Z,1399.32
2025-06-25T01:00:00Z,761.72
2025-06-25T02:00:00Z,76.43
2025-06-25T03:00:00Z,154.84
2025-06-25T04:00:00Z,675.32
2025-06-25T05:00:00Z,829.62
2025-06-25T06:00:00Z,171.44
2025-06-25T07:00:00Z,12.48
2025-06-25T08:00:00Z,2497.68
2025-06-25T09:00:00Z,3599.15
2025-06-25T10:00:00Z,3266.98
2025-06-25T11:00:00Z,1987.49
2025-06-25T12:00:00Z,3794.02
2025-06-25T13:00:00Z,3746.79
2025-06-25T14:00:00Z,3497.61
2025-06-25T15:00:00Z,2932.17
2025-06-25T16:00:00Z,4488.85
2025-06-25T17:00:00Z,2636.55
2025-06-25T18:00:00Z,5009.59
2025-06-25T19:00:00Z,280.52
2025-06-25T20:00:00Z,419.47
2025-06-25T21:00:00Z,551.17
2025-06-25T22:00:00Z,437.64
2025-06-25T23:00:00Z,374.48
2025-06-26T00:00:00Z,387.2
2025-06-26T01:00:00Z,735.55
2025-06-26T02:00:00Z,1639.89
2025-06-26T03:00:00Z,335.07
2025-06-26T04:00:00Z,61.08
2025-06-26T05:00:00Z,1467.21
2025-06-26T06:00:00Z,69.95
2025-06-26T07:00:00Z,954.64
2025-06-26T08:00:00Z,3263.53
2025-06-26T09:00:00Z,3646.23
2025-06-26T10:00:00Z,3387.71
2025-06-26T11:00:00Z,3918.05
2025-06-26T12:00:00Z,4966.96
2025-06-26T13:00:00Z,2720.54
2025-06-26T14:00:00Z,4450.08
2025-06-26T15:00:00Z,2850.87
2025-06-26T16:00:00Z,2498.29
2025-06-26T17:00:00Z,2367.0
2025-06-26T18:00:00Z,3027.9
2025-06-26T19:00:00Z,655.0
2025-06-26T20:00:00Z,1233.89
2025-06-26T21:00:00Z,19.89
2025-06-26T22:00:00Z,863.6
2025-06-26T23:00:00Z,840.52
2025-06-27T00:00:00Z,1160.56
2025-06-27T01:00:00Z,483.09
2025-06-27T02:00:00Z,202.57
2025-06-27T03:00:00Z,1113.19
2025-06-27T04:00:00Z,858.67
2025-06-27T05:00:00Z,411.69
2025-06-27T06:00:00Z,750.22
2025-06-27T07:00:00Z,279.83
2025-06-27T08:00:00Z,3284.85
2025-06-27T09:00:00Z,3377.79
2025-06-27T10:00:00Z,3127.83
2025-06-27T11:00:00Z,3484.03
2025-06-27T12:00:00Z,6731.72
2025-06-27T13:00:00Z,1810.8
2025-06-27T14:00:00Z,4713.77
2025-06-27T15:00:00Z,3391.14
2025-06-27T16:00:00Z,2322.42
2025-06-27T17:00:00Z,2439.71
2025-06-27T18:00:00Z,2085.34
2025-06-27T19:00:00Z,408.2
2025-06-27T20:00:00Z,657.84
2025-06-27T21:00:00Z,876.52
2025-06-27T22:00:00Z,379.01
2025-06-27T23:00:00Z,825.85
2025-06-28T00:00:00Z,395.84
2025-06-28T01:00:00Z,99.63
2025-06-28T02:00:00Z,498.76
2025-06-28T03:00:00Z,723.99
2025-06-28T04:00:00Z,585.95
2025-06-28T05:00:00Z,397.78
2025-06-28T06:00:00Z,6.2
2025-06-28T07:00:00Z,312.08
2025-06-28T08:00:00Z,2074.02
2025-06-28T09:00:00Z,1930.27
2025-06-28T10:00:00Z,1060.96
2025-06-28T11:00:00Z,841.2
2025-06-28T12:00:00Z,1096.81
2025-06-28T13:00:00Z,1409.36
2025-06-28T14:00:00Z,1592.37
2025-06-28T15:00:00Z,1072.92
2025-06-28T16:00:00Z,2291.46
2025-06-28T17:00:00Z,1569.7
2025-06-28T18:00:00Z,1715.03
2025-06-28T19:00:00Z,337.64
2025-06-28T20:00:00Z,9.67
2025-06-28T21:00:00Z,53.43
2025-06-28T22:00:00Z,412.9
2025-06-28T23:00:00Z,43.16
2025-06-29T00:00:00Z,127.95
2025-06-29T01:00:00Z,18.51
2025-06-29T02:00:00Z,475.44
2025-06-29T03:00:00Z,72.1
2025-06-29T04:00:00Z,11.52
2025-06-29T05:00:00Z,3.65
2025-06-29T06:00:00Z,438.67
2025-06-29T07:00:00Z,871.07
2025-06-29T08:00:00Z,1490.69
2025-06-29T09:00:00Z,1033.51
2025-06-29T10:00:00Z,1589.12
2025-06-29T11:00:00Z,1304.34
2025-06-29T12:00:00Z,1265.23
2025-06-29T13:00:00Z,874.75
2025-06-29T14:00:00Z,1993.57
2025-06-29T15:00:00Z,1621.52
2025-06-29T16:00:00Z,1467.54
2025-06-29T17:00:00Z,2125.83
2025-06-29T18:00:00Z,563.1
2025-06-29T19:00:00Z,130.57
2025-06-29T20:00:00Z,17.29
2025-06-29T21:00:00Z,661.44
2025-06-29T22:00:00Z,493.08
2025-06-29T23:00:00Z,323.92
2025-06-30T00:00:00Z,806.17
2025-06-30T01:00:00Z,1106.21
2025-06-30T02:00:00Z,771.78
2025-06-30T03:00:00Z,583.76
2025-06-30T04:00:00Z,22.13
2025-06-30T05:00:00Z,1078.37
2025-06-30T06:00:00Z,619.99
2025-06-30T07:00:00Z,1328.81
2025-06-30T08:00:00Z,4880.09
2025-06-30T09:00:00Z,1058.34
2025-06-30T10:00:00Z,3209.48
2025-06-30T11:00:00Z,2022.57
2025-06-30T12:00:00Z,2830.31
2025-06-30T13:00:00Z,1761.95
2025-06-30T14:00:00Z,4339.36
2025-06-30T15:00:00Z,3588.03
2025-06-30T16:00:00Z,2322.64
2025-06-30T17:00:00Z,1999.32
2025-06-30T18:00:00Z,2143.11
2025-06-30T19:00:00Z,445.53
2025-06-30T20:00:00Z,751.51
2025-06-30T21:00:00Z,111.14
2025-06-30T22:00:00Z,727.27
2025-06-30T23:00:00Z,526.71
2025-07-01T00:00:00Z,788.6
2025-07-01T01:00:00Z,1103.37
2025-07-01T02:00:00Z,967.34
2025-07-01T03:00:00Z,955.92
2025-07-01T04:00:00Z,343.92
2025-07-01T05:00:00Z,175.37
2025-07-01T06:00:00Z,59.42
2025-07-01T07:00:00Z,134.45
2025-07-01T08:00:00Z,3556.62
2025-07-01T09:00:00Z,3021.85
2025-07-01T10:00:00Z,4128.37
2025-07-01T11:00:00Z,2478.71
2025-07-01T12:00:00Z,3462.38
2025-07-01T13:00:00Z,3024.51
2025-07-01T14:00:00Z,4508.3
2025-07-01T15:00:00Z,3753.81
2025-07-01T16:00:00Z,3145.15
2025-07-01T17:00:00Z,4406.33
2025-07-01T18:00:00Z,1817.97
2025-07-01T19:00:00Z,640.89
2025-07-01T20:00:00Z,588.97
2025-07-01T21:00:00Z,461.4
2025-07-01T22:00:00Z,764.33
2025-07-01T23:00:00Z,897.44
2025-07-02T00:00:00Z,403.02
2025-07-02T01:00:00Z,54.18
2025-07-02T02:00:00Z,19.58
2025-07-02T03:00:00Z,697.33
2025-07-02T04:00:00Z,314.71
2025-07-02T05:00:00Z,222.74
2025-07-02T06:00:00Z,387.24
2025-07-02T07:00:00Z,312.97
2025-07-02T08:00:00Z,2284.04
2025-07-02T09:00:00Z,4617.84
2025-07-02T10:00:00Z,2579.21
2025-07-02T11:00:00Z,4358.29
2025-07-02T12:00:00Z,2790.81
2025-07-02T13:00:00Z,2650.45
2025-07-02T14:00:00Z,3297.65
2025-07-02T15:00:00Z,3191.37
2025-07-02T16:00:00Z,3066.56
2025-07-02T17:00:00Z,3496.71
2025-07-02T18:00:00Z,2558.91
2025-07-02T19:00:00Z,551.76
2025-07-02T20:00:00Z,444.2
2025-07-02T21:00:00Z,553.09
2025-07-02T22:00:00Z,587.53
2025-07-02T23:00:00Z,1420.1
2025-07-03T00:00:00Z,326.59
2025-07-03T01:00:00Z,29.01
2025-07-03T02:00:00Z,184.06
2025-07-03T03:00:00Z,758.84
2025-07-03T04:00:00Z,451.84
2025-07-03T05:00:00Z,959.05
2025-07-03T06:00:00Z,473.8
2025-07-03T07:00:00Z,275.1
2025-07-03T08:00:00Z,4557.68
2025-07-03T09:00:00Z,3918.35
2025-07-03T10:00:00Z,2010.0
2025-07-03T11:00:00Z,3510.2
2025-07-03T12:00:00Z,2596.87
2025-07-03T13:00:00Z,4141.07
2025-07-03T14:00:00Z,2743.56
2025-07-03T15:00:00Z,2569.26
2025-07-03T16:00:00Z,3225.63
2025-07-03T17:00:00Z,3979.14
2025-07-03T18:00:00Z,1491.06
2025-07-03T19:00:00Z,1022.71
2025-07-03T20:00:00Z,408.06
2025-07-03T21:00:00Z,226.07
2025-07-03T22:00:00Z,102.83
2025-07-03T23:00:00Z,690.39
2025-07-04T00:00:00Z,937.6
2025-07-04T01:00:00Z,90.86
2025-07-04T02:00:00Z,1237.49
2025-07-04T03:00:00Z,275.95
2025-07-04T04:00:00Z,443.25
2025-07-04T05:00:00Z,885.68
2025-07-04T06:00:00Z,1440.27
2025-07-04T07:00:00Z,120.74
2025-07-04T08:00:00Z,2148.77
2025-07-04T09:00:00Z,3190.41
2025-07-04T10:00:00Z,3249.1
2025-07-04T11:00:00Z,2023.44
2025-07-04T12:00:00Z,2704.84
2025-07-04T13:00:00Z,4798.71
2025-07-04T14:00:00Z,2979.88
2025-07-04T15:00:00Z,2240.32
2025-07-04T16:00:00Z,2930.92
2025-07-04T17:00:00Z,2824.36
2025-07-04T18:00:00Z,2472.12
2025-07-04T19:00:00Z,930.51
2025-07-04T20:00:00Z,818.24
2025-07-04T21:00:00Z,745.63
2025-07-04T22:00:00Z,795.43
2025-07-04T23:00:00Z,961.13
2025-07-05T00:00:00Z,450.53
2025-07-05T01:00:00Z,308.02
2025-07-05T02:00:00Z,24.05
2025-07-05T03:00:00Z,340.14
2025-07-05T04:00:00Z,315.57
2025-07-05T05:00:00Z,8.13
2025-07-05T06:00:00Z,13.9
2025-07-05T07:00:00Z,155.97
2025-07-05T08:00:00Z,1527.36
2025-07-05T09:00:00Z,1405.54
2025-07-05T10:00:00Z,1904.3
2025-07-05T11:00:00Z,977.21
2025-07-05T12:00:00Z,2132.94
2025-07-05T13:00:00Z,1928.22
2025-07-05T14:00:00Z,3404.73
2025-07-05T15:00:00Z,620.55
2025-07-05T16:00:00Z,1799.16
2025-07-05T17:00:00Z,1208.08
2025-07-05T18:00:00Z,647.45
2025-07-05T19:00:00Z,329.89
2025-07-05T20:00:00Z,459.05
2025-07-05T21:00:00Z,608.03
2025-07-05T22:00:00Z,78.45
2025-07-05T23:00:00Z,14.7
2025-07-06T00:00:00Z,200.74
2025-07-06T01:00:00Z,404.62
2025-07-06T02:00:00Z,152.86
2025-07-06T03:00:00Z,13.87
2025-07-06T04:00:00Z,1058.05
2025-07-06T05:00:00Z,373.42
2025-07-06T06:00:00Z,284.57
2025-07-06T07:00:00Z,27.98
2025-07-06T08:00:00Z,1229.44
2025-07-06T09:00:00Z,880.16
2025-07-06T10:00:00Z,1504.49
2025-07-06T11:00:00Z,1847.31
2025-07-06T12:00:00Z,2162.14
2025-07-06T13:00:00Z,1716.35
2025-07-06T14:00:00Z,2269.47
2025-07-06T15:00:00Z,2332.11
2025-07-06T16:00:00Z,1394.35
2025-07-06T17:00:00Z,1926.44
2025-07-06T18:00:00Z,775.13
2025-07-06T19:00:00Z,341.15
2025-07-06T20:00:00Z,133.37
2025-07-06T21:00:00Z,9.94
2025-07-06T22:00:00Z,381.98
2025-07-06T23:00:00Z,9.01
2025-07-07T00:00:00Z,637.87
2025-07-07T01:00:00Z,591.79
2025-07-07T02:00:00Z,351.19
2025-07-07T03:00:00Z,44.64
2025-07-07T04:00:00Z,814.79
2025-07-07T05:00:00Z,1008.41
2025-07-07T06:00:00Z,1068.04
2025-07-07T07:00:00Z,1253.08
2025-07-07T08:00:00Z,4734.68
2025-07-07T09:00:00Z,4558.75
2025-07-07T10:00:00Z,2520.95
2025-07-07T11:00:00Z,2896.59
2025-07-07T12:00:00Z,3013.26
2025-07-07T13:00:00Z,4685.53
2025-07-07T14:00:00Z,2635.04
2025-07-07T15:00:00Z,3215.16
2025-07-07T16:00:00Z,2045.49
2025-07-07T17:00:00Z,2557.74
2025-07-07T18:00:00Z,3217.11
2025-07-07T19:00:00Z,73.13
2025-07-07T20:00:00Z,950.94
2025-07-07T21:00:00Z,1138.29
2025-07-07T22:00:00Z,83.22
2025-07-07T23:00:00Z,831.88
2025-07-08T00:00:00Z,1427.59
2025-07-08T01:00:00Z,464.84
2025-07-08T02:00:00Z,401.68
2025-07-08T03:00:00Z,552.25
2025-07-08T04:00:00Z,1341.7
2025-07-08T05:00:00Z,568.86
2025-07-08T06:00:00Z,173.49
2025-07-08T07:00:00Z,23.04
2025-07-08T08:00:00Z,3899.78
2025-07-08T09:00:00Z,4139.64
2025-07-08T10:00:00Z,5871.94
2025-07-08T11:00:00Z,3101.65
2025-07-08T12:00:00Z,3097.15
2025-07-08T13:00:00Z,3049.79
2025-07-08T14:00:00Z,4016.71
2025-07-08T15:00:00Z,3808.04
2025-07-08T16:00:00Z,4577.73
2025-07-08T17:00:00Z,3524.99
2025-07-08T18:00:00Z,3924.53
2025-07-08T19:00:00Z,1097.5
2025-07-08T20:00:00Z,97.63
2025-07-08T21:00:00Z,469.46
2025-07-08T22:00:00Z,571.05
2025-07-08T23:00:00Z,876.83
2025-07-09T00:00:00Z,877.81
2025-07-09T01:00:00Z,1326.31
2025-07-09T02:00:00Z,705.43
2025-07-09T03:00:00Z,1394.62
2025-07-09T04:00:00Z,739.31
2025-07-09T05:00:00Z,1060.1
2025-07-09T06:00:00Z,221.12
2025-07-09T07:00:00Z,301.05
2025-07-09T08:00:00Z,2876.8
2025-07-09T09:00:00Z,3191.56
2025-07-09T10:00:00Z,4616.1
2025-07-09T11:00:00Z,3887.68
2025-07-09T12:00:00Z,2478.79
2025-07-09T13:00:00Z,2336.73
2025-07-09T14:00:00Z,3677.34
2025-07-09T15:00:00Z,4042.32
2025-07-09T16:00:00Z,4292.16
2025-07-09T17:00:00Z,4638.73
2025-07-09T18:00:00Z,2687.23
2025-07-09T19:00:00Z,447.76
2025-07-09T20:00:00Z,71.32
2025-07-09T21:00:00Z,472.45
2025-07-09T22:00:00Z,473.09
2025-07-09T23:00:00Z,279.48
2025-07-10T00:00:00Z,592.03
2025-07-10T01:00:00Z,454.58
2025-07-10T02:00:00Z,440.46
2025-07-10T03:00:00Z,254.39
2025-07-10T04:00:00Z,665.09
2025-07-10T05:00:00Z,804.25
2025-07-10T06:00:00Z,148.28
2025-07-10T07:00:00Z,121.48
2025-07-10T08:00:00Z,4347.21
2025-07-10T09:00:00Z,2329.83
2025-07-10T10:00:00Z,1546.29
2025-07-10T11:00:00Z,2656.36
2025-07-10T12:00:00Z,3798.99
2025-07-10T13:00:00Z,2542.46
2025-07-10T14:00:00Z,3217.26
2025-07-10T15:00:00Z,3370.19
2025-07-10T16:00:00Z,2612.61
2025-07-10T17:00:00Z,3386.74
2025-07-10T18:00:00Z,2283.63
2025-07-10T19:00:00Z,353.22
2025-07-10T20:00:00Z,1446.41
2025-07-10T21:00:00Z,865.4
2025-07-10T22:00:00Z,651.63
2025-07-10T23:00:00Z,1260.83
2025-07-11T00:00:00Z,458.1
2025-07-11T01:00:00Z,288.3
2025-07-11T02:00:00Z,898.36
2025-07-11T03:00:00Z,967.15
2025-07-11T04:00:00Z,138.91
2025-07-11T05:00:00Z,345.79
2025-07-11T06:00:00Z,650.51
2025-07-11T07:00:00Z,1159.81
2025-07-11T08:00:00Z,1646.23
2025-07-11T09:00:00Z,2080.38
2025-07-11T10:00:00Z,3537.34
2025-07-11T11:00:00Z,3922.26
2025-07-11T12:00:00Z,2623.86
2025-07-11T13:00:00Z,2924.82
2025-07-11T14:00:00Z,3276.49
2025-07-11T15:00:00Z,3090.69
2025-07-11T16:00:00Z,3594.41
2025-07-11T17:00:00Z,3961.23
2025-07-11T18:00:00Z,2693.46
2025-07-11T19:00:00Z,502.38
2025-07-11T20:00:00Z,401.12
2025-07-11T21:00:00Z,303.41
2025-07-11T22:00:00Z,508.01
2025-07-11T23:00:00Z,628.95
2025-07-12T00:00:00Z,864.52
2025-07-12T01:00:00Z,408.49
2025-07-12T02:00:00Z,580.45
2025-07-12T03:00:00Z,8.54
2025-07-12T04:00:00Z,536.3
2025-07-12T05:00:00Z,391.96
2025-07-12T06:00:00Z,300.85
2025-07-12T07:00:00Z,391.63
2025-07-12T08:00:00Z,461.94
2025-07-12T09:00:00Z,1266.49
2025-07-12T10:00:00Z,1098.44
2025-07-12T11:00:00Z,2710.07
2025-07-12T12:00:00Z,914.24
2025-07-12T13:00:00Z,1715.08
2025-07-12T14:00:00Z,611.98
2025-07-12T15:00:00Z,655.62
2025-07-12T16:00:00Z,2262.82
2025-07-12T17:00:00Z,1675.93
2025-07-12T18:00:00Z,1555.59
2025-07-12T19:00:00Z,113.12
2025-07-12T20:00:00Z,81.75
2025-07-12T21:00:00Z,36.19
2025-07-12T22:00:00Z,11.82
2025-07-12T23:00:00Z,618.57
2025-07-13T00:00:00Z,495.06
2025-07-13T01:00:00Z,393.53
2025-07-13T02:00:00Z,11.19
2025-07-13T03:00:00Z,0.82
2025-07-13T04:00:00Z,22.66
2025-07-13T05:00:00Z,119.91
2025-07-13T06:00:00Z,263.64
2025-07-13T07:00:00Z,60.39
2025-07-13T08:00:00Z,2021.84
2025-07-13T09:00:00Z,1908.29
2025-07-13T10:00:00Z,1321.4
2025-07-13T11:00:00Z,1033.21
2025-07-13T12:00:00Z,1911.02
2025-07-13T13:00:00Z,2583.24
2025-07-13T14:00:00Z,1735.49
2025-07-13T15:00:00Z,883.58
2025-07-13T16:00:00Z,1668.79
2025-07-13T17:00:00Z,3061.73
2025-07-13T18:00:00Z,796.59
2025-07-13T19:00:00Z,17.84
2025-07-13T20:00:00Z,88.09
2025-07-13T21:00:00Z,587.08
2025-07-13T22:00:00Z,14.61
2025-07-13T23:00:00Z,612.46
2025-07-14T00:00:00Z,505.13
2025-07-14T01:00:00Z,518.62
2025-07-14T02:00:00Z,1163.66
2025-07-14T03:00:00Z,343.76
2025-07-14T04:00:00Z,689.06
2025-07-14T05:00:00Z,1193.2
2025-07-14T06:00:00Z,114.03
2025-07-14T07:00:00Z,403.14
2025-07-14T08:00:00Z,3279.16
2025-07-14T09:00:00Z,3845.7
2025-07-14T10:00:00Z,3369.57
2025-07-14T11:00:00Z,3602.37
2025-07-14T12:00:00Z,2110.14
2025-07-14T13:00:00Z,3523.19
2025-07-14T14:00:00Z,2888.54
2025-07-14T15:00:00Z,3962.8
2025-07-14T16:00:00Z,2271.18
2025-07-14T17:00:00Z,2300.53
2025-07-14T18:00:00Z,3471.08
2025-07-14T19:00:00Z,772.46
2025-07-14T20:00:00Z,863.63
2025-07-14T21:00:00Z,1419.54
2025-07-14T22:00:00Z,386.45
2025-07-14T23:00:00Z,449.01
2025-07-15T00:00:00Z,821.44
2025-07-15T01:00:00Z,311.43
2025-07-15T02:00:00Z,973.85
2025-07-15T03:00:00Z,630.86
2025-07-15T04:00:00Z,52.59
2025-07-15T05:00:00Z,1295.57
2025-07-15T06:00:00Z,898.67
2025-07-15T07:00:00Z,107.74
2025-07-15T08:00:00Z,3100.25
2025-07-15T09:00:00Z,3400.33
2025-07-15T10:00:00Z,1429.63
2025-07-15T11:00:00Z,3231.99
2025-07-15T12:00:00Z,3184.33
2025-07-15T13:00:00Z,3980.15
2025-07-15T14:00:00Z,4484.89
2025-07-15T15:00:00Z,4427.03
2025-07-15T16:00:00Z,2631.9
2025-07-15T17:00:00Z,4383.17
2025-07-15T18:00:00Z,4644.26
2025-07-15T19:00:00Z,740.77
2025-07-15T20:00:00Z,505.17
2025-07-15T21:00:00Z,414.66
2025-07-15T22:00:00Z,734.97
2025-07-15T23:00:00Z,62.79
2025-07-16T00:00:00Z,960.46
2025-07-16T01:00:00Z,401.74
2025-07-16T02:00:00Z,1331.64
2025-07-16T03:00:00Z,84.67
2025-07-16T04:00:00Z,957.26
2025-07-16T05:00:00Z,515.51
2025-07-16T06:00:00Z,63.63
2025-07-16T07:00:00Z,521.56
2025-07-16T08:00:00Z,4192.46
2025-07-16T09:00:00Z,2530.58
2025-07-16T10:00:00Z,2798.58
2025-07-16T11:00:00Z,2506.22
2025-07-16T12:00:00Z,2900.76
2025-07-16T13:00:00Z,3044.92
2025-07-16T14:00:00Z,3864.39
2025-07-16T15:00:00Z,2653.89
2025-07-16T16:00:00Z,4501.28
2025-07-16T17:00:00Z,3908.21
2025-07-16T18:00:00Z,2493.19
2025-07-16T19:00:00Z,1079.17
2025-07-16T20:00:00Z,788.42
2025-07-16T21:00:00Z,6.48
2025-07-16T22:00:00Z,893.96
2025-07-16T23:00:00Z,321.84
2025-07-17T00:00:00Z,1044.13
2025-07-17T01:00:00Z,238.04
2025-07-17T02:00:00Z,313.28
2025-07-17T03:00:00Z,439.95
2025-07-17T04:00:00Z,197.56
2025-07-17T05:00:00Z,908.74
2025-07-17T06:00:00Z,714.59
2025-07-17T07:00:00Z,1026.46
2025-07-17T08:00:00Z,3393.67
2025-07-17T09:00:00Z,4441.52
2025-07-17T10:00:00Z,2288.17
2025-07-17T11:00:00Z,4567.33
2025-07-17T12:00:00Z,3215.95
2025-07-17T13:00:00Z,3529.57
2025-07-17T14:00:00Z,1534.7
2025-07-17T15:00:00Z,5692.46
2025-07-17T16:00:00Z,3061.31
2025-07-17T17:00:00Z,3261.36
2025-07-17T18:00:00Z,4453.43
2025-07-17T19:00:00Z,72.4
2025-07-17T20:00:00Z,367.11
2025-07-17T21:00:00Z,1074.4
2025-07-17T22:00:00Z,1345.73
2025-07-17T23:00:00Z,994.96
2025-07-18T00:00:00Z,284.94
2025-07-18T01:00:00Z,782.17
2025-07-18T02:00:00Z,1176.79
2025-07-18T03:00:00Z,372.03
2025-07-18T04:00:00Z,401.3
2025-07-18T05:00:00Z,510.47
2025-07-18T06:00:00Z,961.95
2025-07-18T07:00:00Z,1719.67
2025-07-18T08:00:00Z,1688.79
2025-07-18T09:00:00Z,2800.67
2025-07-18T10:00:00Z,2535.13
2025-07-18T11:00:00Z,3235.14
2025-07-18T12:00:00Z,2367.36
2025-07-18T13:00:00Z,3200.68
2025-07-18T14:00:00Z,2377.63
2025-07-18T15:00:00Z,2237.64
2025-07-18T16:00:00Z,2648.01
2025-07-18T17:00:00Z,3201.34
2025-07-18T18:00:00Z,2429.76
2025-07-18T19:00:00Z,712.42
2025-07-18T20:00:00Z,109.63
2025-07-18T21:00:00Z,592.69
2025-07-18T22:00:00Z,68.06
2025-07-18T23:00:00Z,896.39
2025-07-19T00:00:00Z,1190.76
2025-07-19T01:00:00Z,36.3
2025-07-19T02:00:00Z,348.85
2025-07-19T03:00:00Z,1.79
2025-07-19T04:00:00Z,466.07
2025-07-19T05:00:00Z,54.77
2025-07-19T06:00:00Z,7.32
2025-07-19T07:00:00Z,36.83
2025-07-19T08:00:00Z,1070.29
2025-07-19T09:00:00Z,670.84
2025-07-19T10:00:00Z,1102.58
2025-07-19T11:00:00Z,1856.25
2025-07-19T12:00:00Z,1488.02
2025-07-19T13:00:00Z,1356.73
2025-07-19T14:00:00Z,2096.39
2025-07-19T15:00:00Z,1009.17
2025-07-19T16:00:00Z,963.0
2025-07-19T17:00:00Z,1384.35
2025-07-19T18:00:00Z,1458.31
2025-07-19T19:00:00Z,6.11
2025-07-19T20:00:00Z,9.45
2025-07-19T21:00:00Z,55.42
2025-07-19T22:00:00Z,5.17
2025-07-19T23:00:00Z,295.44
2025-07-20T00:00:00Z,11.77
2025-07-20T01:00:00Z,245.45
2025-07-20T02:00:00Z,35.46
2025-07-20T03:00:00Z,96.64
2025-07-20T04:00:00Z,534.54
2025-07-20T05:00:00Z,3.54
2025-07-20T06:00:00Z,360.84
2025-07-20T07:00:00Z,621.46
2025-07-20T08:00:00Z,1928.14
2025-07-20T09:00:00Z,1890.57
2025-07-20T10:00:00Z,1598.71
2025-07-20T11:00:00Z,650.41
2025-07-20T12:00:00Z,2814.86
2025-07-20T13:00:00Z,813.72
2025-07-20T14:00:00Z,1617.12
2025-07-20T15:00:00Z,1450.75
2025-07-20T16:00:00Z,987.86
2025-07-20T17:00:00Z,2123.74
2025-07-20T18:00:00Z,615.18
2025-07-20T19:00:00Z,37.38
2025-07-20T20:00:00Z,89.43
2025-07-20T21:00:00Z,560.21
2025-07-20T22:00:00Z,143.82
2025-07-20T23:00:00Z,404.45
2025-07-21T00:00:00Z,544.93
2025-07-21T01:00:00Z,331.21
2025-07-21T02:00:00Z,838.63
2025-07-21T03:00:00Z,220.96
2025-07-21T04:00:00Z,777.5
2025-07-21T05:00:00Z,1528.21
2025-07-21T06:00:00Z,478.72
2025-07-21T07:00:00Z,826.73
2025-07-21T08:00:00Z,1841.31
2025-07-21T09:00:00Z,3734.62
2025-07-21T10:00:00Z,2670.98
2025-07-21T11:00:00Z,4399.01
2025-07-21T12:00:00Z,3369.42
2025-07-21T13:00:00Z,3381.44
2025-07-21T14:00:00Z,3362.23
2025-07-21T15:00:00Z,3253.82
2025-07-21T16:00:00Z,3676.19
2025-07-21T17:00:00Z,2510.09
2025-07-21T18:00:00Z,3950.68
2025-07-21T19:00:00Z,489.63
2025-07-21T20:00:00Z,538.64
2025-07-21T21:00:00Z,192.45
2025-07-21T22:00:00Z,18.63
2025-07-21T23:00:00Z,791.44
2025-07-22T00:00:00Z,824.1
2025-07-22T01:00:00Z,388.9
2025-07-22T02:00:00Z,367.63
2025-07-22T03:00:00Z,1749.75
2025-07-22T04:00:00Z,635.02
2025-07-22T05:00:00Z,905.42
2025-07-22T06:00:00Z,739.78
2025-07-22T07:00:00Z,1282.5
2025-07-22T08:00:00Z,4943.41
2025-07-22T09:00:00Z,5347.21
2025-07-22T10:00:00Z,3536.83
2025-07-22T11:00:00Z,2109.68
2025-07-22T12:00:00Z,4793.28
2025-07-22T13:00:00Z,2970.15
2025-07-22T14:00:00Z,2664.79
2025-07-22T15:00:00Z,3540.96
2025-07-22T16:00:00Z,2838.84
2025-07-22T17:00:00Z,3261.57
2025-07-22T18:00:00Z,2977.56
2025-07-22T19:00:00Z,746.35
2025-07-22T20:00:00Z,459.14
2025-07-22T21:00:00Z,273.88
2025-07-22T22:00:00Z,450.29
2025-07-22T23:00:00Z,744.55
2025-07-23T00:00:00Z,620.86
2025-07-23T01:00:00Z,1165.03
2025-07-23T02:00:00Z,161.79
2025-07-23T03:00:00Z,137.15
2025-07-23T04:00:00Z,805.94
2025-07-23T05:00:00Z,943.77
2025-07-23T06:00:00Z,23.48
2025-07-23T07:00:00Z,1102.32
2025-07-23T08:00:00Z,1842.41
2025-07-23T09:00:00Z,2526.57
2025-07-23T10:00:00Z,3555.74
2025-07-23T11:00:00Z,2453.99
2025-07-23T12:00:00Z,3504.09
2025-07-23T13:00:00Z,4126.44
2025-07-23T14:00:00Z,3945.77
2025-07-23T15:00:00Z,3468.67
2025-07-23T16:00:00Z,3135.75
2025-07-23T17:00:00Z,1740.39
2025-07-23T18:00:00Z,3312.52
2025-07-23T19:00:00Z,22.24
2025-07-23T20:00:00Z,611.15
2025-07-23T21:00:00Z,491.51
2025-07-23T22:00:00Z,100.81
2025-07-23T23:00:00Z,158.22
2025-07-24T00:00:00Z,22.32
2025-07-24T01:00:00Z,1004.85
2025-07-24T02:00:00Z,1199.16
2025-07-24T03:00:00Z,755.44
2025-07-24T04:00:00Z,656.39
2025-07-24T05:00:00Z,315.66
2025-07-24T06:00:00Z,293.19
2025-07-24T07:00:00Z,671.54
2025-07-24T08:00:00Z,3882.47
2025-07-24T09:00:00Z,3243.88
2025-07-24T10:00:00Z,4660.19
2025-07-24T11:00:00Z,2944.63
2025-07-24T12:00:00Z,2971.15
2025-07-24T13:00:00Z,2479.86
2025-07-24T14:00:00Z,3074.8
2025-07-24T15:00:00Z,4132.03
2025-07-24T16:00:00Z,2329.65
2025-07-24T17:00:00Z,5300.42
2025-07-24T18:00:00Z,1934.28
2025-07-24T19:00:00Z,933.91
2025-07-24T20:00:00Z,1057.32
2025-07-24T21:00:00Z,646.92
2025-07-24T22:00:00Z,1210.76
2025-07-24T23:00:00Z,806.09
2025-07-25T00:00:00Z,1441.1
2025-07-25T01:00:00Z,444.47
2025-07-25T02:00:00Z,921.45
2025-07-25T03:00:00Z,747.83
2025-07-25T04:00:00Z,662.22
2025-07-25T05:00:00Z,362.1
2025-07-25T06:00:00Z,609.77
2025-07-25T07:00:00Z,767.36
2025-07-25T08:00:00Z,2148.18
2025-07-25T09:00:00Z,2386.75
2025-07-25T10:00:00Z,2999.16
2025-07-25T11:00:00Z,2994.4
2025-07-25T12:00:00Z,4010.8
2025-07-25T13:00:00Z,4425.98
2025-07-25T14:00:00Z,3202.16
2025-07-25T15:00:00Z,3694.12
2025-07-25T16:00:00Z,2024.0
2025-07-25T17:00:00Z,2853.82
2025-07-25T18:00:00Z,4623.07
2025-07-25T19:00:00Z,282.92
2025-07-25T20:00:00Z,928.39
2025-07-25T21:00:00Z,465.48
2025-07-25T22:00:00Z,1418.41
2025-07-25T23:00:00Z,193.05
2025-07-26T00:00:00Z,890.35
2025-07-26T01:00:00Z,534.46
2025-07-26T02:00:00Z,5.37
2025-07-26T03:00:00Z,678.58
2025-07-26T04:00:00Z,246.65
2025-07-26T05:00:00Z,251.79
2025-07-26T06:00:00Z,15.54
2025-07-26T07:00:00Z,332.16
2025-07-26T08:00:00Z,1162.66
2025-07-26T09:00:00Z,2167.86
2025-07-26T10:00:00Z,1759.03
2025-07-26T11:00:00Z,836.95
2025-07-26T12:00:00Z,2111.92
2025-07-26T13:00:00Z,1460.99
2025-07-26T14:00:00Z,2459.52
2025-07-26T15:00:00Z,1386.13
2025-07-26T16:00:00Z,886.64
2025-07-26T17:00:00Z,1599.39
2025-07-26T18:00:00Z,1493.93
2025-07-26T19:00:00Z,957.16
2025-07-26T20:00:00Z,35.53
2025-07-26T21:00:00Z,107.72
2025-07-26T22:00:00Z,214.23
2025-07-26T23:00:00Z,122.48
2025-07-27T00:00:00Z,7.95
2025-07-27T01:00:00Z,560.29
2025-07-27T02:00:00Z,16.06
2025-07-27T03:00:00Z,341.88
2025-07-27T04:00:00Z,5.9
2025-07-27T05:00:00Z,43.5
2025-07-27T06:00:00Z,9.38
2025-07-27T07:00:00Z,23.0
2025-07-27T08:00:00Z,4022.16
2025-07-27T09:00:00Z,1903.77
2025-07-27T10:00:00Z,1775.43
2025-07-27T11:00:00Z,1513.05
2025-07-27T12:00:00Z,1751.79
2025-07-27T13:00:00Z,2002.3
2025-07-27T14:00:00Z,1548.23
2025-07-27T15:00:00Z,912.78
2025-07-27T16:00:00Z,211.67
2025-07-27T17:00:00Z,935.17
2025-07-27T18:00:00Z,1544.2
2025-07-27T19:00:00Z,506.56
2025-07-27T20:00:00Z,361.63
2025-07-27T21:00:00Z,673.8
2025-07-27T22:00:00Z,2.33
2025-07-27T23:00:00Z,317.39
2025-07-28T00:00:00Z,792.9
2025-07-28T01:00:00Z,586.77
2025-07-28T02:00:00Z,1099.85
2025-07-28T03:00:00Z,630.49
2025-07-28T04:00:00Z,550.28
2025-07-28T05:00:00Z,274.3
2025-07-28T06:00:00Z,540.03
2025-07-28T07:00:00Z,376.05
2025-07-28T08:00:00Z,2882.29
2025-07-28T09:00:00Z,3146.45
2025-07-28T10:00:00Z,3866.4
2025-07-28T11:00:00Z,2747.55
2025-07-28T12:00:00Z,2999.72
2025-07-28T13:00:00Z,2569.21
2025-07-28T14:00:00Z,5829.12
2025-07-28T15:00:00Z,3469.11
2025-07-28T16:00:00Z,2852.89
2025-07-28T17:00:00Z,3455.47
2025-07-28T18:00:00Z,4080.14
2025-07-28T19:00:00Z,876.86
2025-07-28T20:00:00Z,695.26
2025-07-28T21:00:00Z,459.26
2025-07-28T22:00:00Z,317.59
2025-07-28T23:00:00Z,357.86
2025-07-29T00:00:00Z,13.65
2025-07-29T01:00:00Z,1201.55
2025-07-29T02:00:00Z,664.02
2025-07-29T03:00:00Z,660.75
2025-07-29T04:00:00Z,730.77
2025-07-29T05:00:00Z,461.24
2025-07-29T06:00:00Z,1268.93
2025-07-29T07:00:00Z,297.08
2025-07-29T08:00:00Z,5384.68
2025-07-29T09:00:00Z,3060.43
2025-07-29T10:00:00Z,3448.83
2025-07-29T11:00:00Z,3530.24
2025-07-29T12:00:00Z,3666.54
2025-07-29T13:00:00Z,2807.3
2025-07-29T14:00:00Z,2908.41
2025-07-29T15:00:00Z,3514.93
2025-07-29T16:00:00Z,2362.04
2025-07-29T17:00:00Z,4646.72
2025-07-29T18:00:00Z,3475.05
2025-07-29T19:00:00Z,144.12
2025-07-29T20:00:00Z,1075.62
2025-07-29T21:00:00Z,123.74
2025-07-29T22:00:00Z,406.73
2025-07-29T23:00:00Z,354.11
2025-07-30T00:00:00Z,621.86
2025-07-30T01:00:00Z,58.98
2025-07-30T02:00:00Z,843.5
2025-07-30T03:00:00Z,225.18
2025-07-30T04:00:00Z,641.37
2025-07-30T05:00:00Z,1591.77
2025-07-30T06:00:00Z,519.57
2025-07-30T07:00:00Z,908.05
2025-07-30T08:00:00Z,3447.09
2025-07-30T09:00:00Z,2569.44
2025-07-30T10:00:00Z,3029.38
2025-07-30T11:00:00Z,4178.77
2025-07-30T12:00:00Z,3108.81
2025-07-30T13:00:00Z,2466.71
2025-07-30T14:00:00Z,3815.98
2025-07-30T15:00:00Z,2207.26
2025-07-30T16:00:00Z,2916.05
2025-07-30T17:00:00Z,2465.39
2025-07-30T18:00:00Z,3465.42
2025-07-30T19:00:00Z,1367.31
2025-07-30T20:00:00Z,641.87
2025-07-30T21:00:00Z,768.76
2025-07-30T22:00:00Z,1841.38
2025-07-30T23:00:00Z,415.95
2025-07-31T00:00:00Z,1515.69
2025-07-31T01:00:00Z,568.77
2025-07-31T02:00:00Z,185.95
2025-07-31T03:00:00Z,659.77
2025-07-31T04:00:00Z,680.73
2025-07-31T05:00:00Z,365.83
2025-07-31T06:00:00Z,667.89
2025-07-31T07:00:00Z,712.8
2025-07-31T08:00:00Z,2080.51
2025-07-31T09:00:00Z,2992.21
2025-07-31T10:00:00Z,3868.87
2025-07-31T11:00:00Z,3525.26
2025-07-31T12:00:00Z,3028.36
2025-07-31T13:00:00Z,2457.0
2025-07-31T14:00:00Z,2685.27
2025-07-31T15:00:00Z,2448.28
2025-07-31T16:00:00Z,3391.44
2025-07-31T17:00:00Z,2801.12
2025-07-31T18:00:00Z,4544.4
2025-07-31T19:00:00Z,51.32
2025-07-31T20:00:00Z,190.6
2025-07-31T21:00:00Z,2032.11
2025-07-31T22:00:00Z,717.14
2025-07-31T23:00:00Z,638.28
2025-08-01T00:00:00Z,730.56
2025-08-01T01:00:00Z,1018.07
2025-08-01T02:00:00Z,344.63
2025-08-01T03:00:00Z,587.07
2025-08-01T04:00:00Z,1152.14
2025-08-01T05:00:00Z,1312.85
2025-08-01T06:00:00Z,622.64
2025-08-01T07:00:00Z,357.14
2025-08-01T08:00:00Z,4841.09
2025-08-01T09:00:00Z,3440.19
2025-08-01T10:00:00Z,4483.27
2025-08-01T11:00:00Z,3046.28
2025-08-01T12:00:00Z,4301.57
2025-08-01T13:00:00Z,4622.75
2025-08-01T14:00:00Z,3227.01
2025-08-01T15:00:00Z,3625.0
2025-08-01T16:00:00Z,4014.28
2025-08-01T17:00:00Z,4419.84
2025-08-01T18:00:00Z,1805.8
2025-08-01T19:00:00Z,928.78
2025-08-01T20:00:00Z,451.99
2025-08-01T21:00:00Z,421.82
2025-08-01T22:00:00Z,434.2
2025-08-01T23:00:00Z,1488.05
2025-08-02T00:00:00Z,354.19
2025-08-02T01:00:00Z,285.9
2025-08-02T02:00:00Z,47.16
2025-08-02T03:00:00Z,84.82
2025-08-02T04:00:00Z,357.82
2025-08-02T05:00:00Z,53.78
2025-08-02T06:00:00Z,3.56
2025-08-02T07:00:00Z,375.74
2025-08-02T08:00:00Z,764.06
2025-08-02T09:00:00Z,2280.06
2025-08-02T10:00:00Z,1774.0
2025-08-02T11:00:00Z,1257.15
2025-08-02T12:00:00Z,2042.43
2025-08-02T13:00:00Z,2122.11
2025-08-02T14:00:00Z,1428.77
2025-08-02T15:00:00Z,1944.47
2025-08-02T16:00:00Z,1167.09
2025-08-02T17:00:00Z,1343.14
2025-08-02T18:00:00Z,1221.55
2025-08-02T19:00:00Z,15.23
2025-08-02T20:00:00Z,901.07
2025-08-02T21:00:00Z,13.88
2025-08-02T22:00:00Z,36.59
2025-08-02T23:00:00Z,68.7
2025-08-03T00:00:00Z,95.12
2025-08-03T01:00:00Z,688.92
2025-08-03T02:00:00Z,407.92
2025-08-03T03:00:00Z,254.7
2025-08-03T04:00:00Z,10.52
2025-08-03T05:00:00Z,466.24
2025-08-03T06:00:00Z,308.46
2025-08-03T07:00:00Z,555.17
2025-08-03T08:00:00Z,1338.19
2025-08-03T09:00:00Z,1889.67
2025-08-03T10:00:00Z,1601.16
2025-08-03T11:00:00Z,507.42
2025-08-03T12:00:00Z,1954.59
2025-08-03T13:00:00Z,2206.2
2025-08-03T14:00:00Z,1003.43
2025-08-03T15:00:00Z,1229.23
2025-08-03T16:00:00Z,1455.61
2025-08-03T17:00:00Z,975.2
2025-08-03T18:00:00Z,2097.31
2025-08-03T19:00:00Z,428.31
2025-08-03T20:00:00Z,127.43
2025-08-03T21:00:00Z,72.98
2025-08-03T22:00:00Z,380.73
2025-08-03T23:00:00Z,113.5
2025-08-04T00:00:00Z,1162.66
2025-08-04T01:00:00Z,205.57
2025-08-04T02:00:00Z,742.72
2025-08-04T03:00:00Z,1690.98
2025-08-04T04:00:00Z,707.3
2025-08-04T05:00:00Z,1695.47
2025-08-04T06:00:00Z,893.05
2025-08-04T07:00:00Z,781.96
2025-08-04T08:00:00Z,2046.13
2025-08-04T09:00:00Z,4322.85
2025-08-04T10:00:00Z,3531.07
2025-08-04T11:00:00Z,2997.39
2025-08-04T12:00:00Z,2463.89
2025-08-04T13:00:00Z,4059.85
2025-08-04T14:00:00Z,4793.98
2025-08-04T15:00:00Z,5042.37
2025-08-04T16:00:00Z,2971.51
2025-08-04T17:00:00Z,4677.6
2025-08-04T18:00:00Z,2901.2
2025-08-04T19:00:00Z,445.51
2025-08-04T20:00:00Z,113.66
2025-08-04T21:00:00Z,316.07
2025-08-04T22:00:00Z,302.31
2025-08-04T23:00:00Z,653.72
2025-08-05T00:00:00Z,1092.47
2025-08-05T01:00:00Z,1146.79
2025-08-05T02:00:00Z,950.01
2025-08-05T03:00:00Z,442.81
2025-08-05T04:00:00Z,1081.44
2025-08-05T05:00:00Z,285.61
2025-08-05T06:00:00Z,132.76
2025-08-05T07:00:00Z,1119.29
2025-08-05T08:00:00Z,2988.58
2025-08-05T09:00:00Z,3112.27
2025-08-05T10:00:00Z,1538.77
2025-08-05T11:00:00Z,4214.1
2025-08-05T12:00:00Z,3596.65
2025-08-05T13:00:00Z,3898.47
2025-08-05T14:00:00Z,4214.92
2025-08-05T15:00:00Z,3311.92
2025-08-05T16:00:00Z,2147.49
2025-08-05T17:00:00Z,2505.05
2025-08-05T18:00:00Z,3311.46
2025-08-05T19:00:00Z,196.74
2025-08-05T20:00:00Z,1349.64
2025-08-05T21:00:00Z,461.73
2025-08-05T22:00:00Z,477.02
2025-08-05T23:00:00Z,575.61
2025-08-06T00:00:00Z,71.61
2025-08-06T01:00:00Z,1897.88
2025-08-06T02:00:00Z,222.61
2025-08-06T03:00:00Z,839.68
2025-08-06T04:00:00Z,490.94
2025-08-06T05:00:00Z,192.84
2025-08-06T06:00:00Z,1530.08
2025-08-06T07:00:00Z,927.06
2025-08-06T08:00:00Z,2711.31
2025-08-06T09:00:00Z,3922.98
2025-08-06T10:00:00Z,1662.69
2025-08-06T11:00:00Z,4208.36
2025-08-06T12:00:00Z,3861.47
2025-08-06T13:00:00Z,1646.17
2025-08-06T14:00:00Z,1103.93
2025-08-06T15:00:00Z,2353.65
2025-08-06T16:00:00Z,5924.13
2025-08-06T17:00:00Z,2215.19
2025-08-06T18:00:00Z,2663.55
2025-08-06T19:00:00Z,58.85
2025-08-06T20:00:00Z,698.03
2025-08-06T21:00:00Z,1459.83
2025-08-06T22:00:00Z,101.17
2025-08-06T23:00:00Z,1207.74
2025-08-07T00:00:00Z,132.02
2025-08-07T01:00:00Z,919.47
2025-08-07T02:00:00Z,795.05
2025-08-07T03:00:00Z,183.32
2025-08-07T04:00:00Z,57.11
2025-08-07T05:00:00Z,488.37
2025-08-07T06:00:00Z,562.4
2025-08-07T07:00:00Z,780.9
2025-08-07T08:00:00Z,3461.26
2025-08-07T09:00:00Z,3473.57
2025-08-07T10:00:00Z,1663.48
2025-08-07T11:00:00Z,3166.5
2025-08-07T12:00:00Z,4064.52
2025-08-07T13:00:00Z,2339.22
2025-08-07T14:00:00Z,3738.23
2025-08-07T15:00:00Z,1557.23
2025-08-07T16:00:00Z,2506.62
2025-08-07T17:00:00Z,3770.88
2025-08-07T18:00:00Z,3271.63
2025-08-07T19:00:00Z,105.07
2025-08-07T20:00:00Z,279.04
2025-08-07T21:00:00Z,1001.82
2025-08-07T22:00:00Z,746.98
2025-08-07T23:00:00Z,107.65
2025-08-08T00:00:00Z,491.17
2025-08-08T01:00:00Z,565.66
2025-08-08T02:00:00Z,13.13
2025-08-08T03:00:00Z,647.14
2025-08-08T04:00:00Z,550.19
2025-08-08T05:00:00Z,118.0
2025-08-08T06:00:00Z,712.74
2025-08-08T07:00:00Z,1220.08
2025-08-08T08:00:00Z,2738.63
2025-08-08T09:00:00Z,2957.55
2025-08-08T10:00:00Z,2155.65
2025-08-08T11:00:00Z,3384.38
2025-08-08T12:00:00Z,2573.61
2025-08-08T13:00:00Z,3301.0
2025-08-08T14:00:00Z,1800.13
2025-08-08T15:00:00Z,3358.72
2025-08-08T16:00:00Z,4267.61
2025-08-08T17:00:00Z,3901.45
2025-08-08T18:00:00Z,3402.17
2025-08-08T19:00:00Z,1995.33
2025-08-08T20:00:00Z,365.56
2025-08-08T21:00:00Z,478.91
2025-08-08T22:00:00Z,102.66
2025-08-08T23:00:00Z,1373.15
2025-08-09T00:00:00Z,25.56
2025-08-09T01:00:00Z,232.19
2025-08-09T02:00:00Z,349.32
2025-08-09T03:00:00Z,139.53
2025-08-09T04:00:00Z,668.6
2025-08-09T05:00:00Z,407.31
2025-08-09T06:00:00Z,3.29
2025-08-09T07:00:00Z,477.75
2025-08-09T08:00:00Z,1808.0
2025-08-09T09:00:00Z,573.48
2025-08-09T10:00:00Z,1349.98
2025-08-09T11:00:00Z,2153.79
2025-08-09T12:00:00Z,1631.59
2025-08-09T13:00:00Z,1102.32
2025-08-09T14:00:00Z,3412.97
2025-08-09T15:00:00Z,913.76
2025-08-09T16:00:00Z,2032.03
2025-08-09T17:00:00Z,1776.82
2025-08-09T18:00:00Z,2078.78
2025-08-09T19:00:00Z,282.45
2025-08-09T20:00:00Z,403.85
2025-08-09T21:00:00Z,6.84
2025-08-09T22:00:00Z,545.79
2025-08-09T23:00:00Z,228.48
2025-08-10T00:00:00Z,316.11
2025-08-10T01:00:00Z,16.22
2025-08-10T02:00:00Z,285.0
2025-08-10T03:00:00Z,9.08
2025-08-10T04:00:00Z,13.24
2025-08-10T05:00:00Z,232.26
2025-08-10T06:00:00Z,54.17
2025-08-10T07:00:00Z,594.75
2025-08-10T08:00:00Z,1473.77
2025-08-10T09:00:00Z,1714.37
2025-08-10T10:00:00Z,1127.15
2025-08-10T11:00:00Z,884.21
2025-08-10T12:00:00Z,798.95
2025-08-10T13:00:00Z,1934.59
2025-08-10T14:00:00Z,815.71
2025-08-10T15:00:00Z,1416.92
2025-08-10T16:00:00Z,1944.55
2025-08-10T17:00:00Z,1544.4
2025-08-10T18:00:00Z,2302.46
2025-08-10T19:00:00Z,430.67
2025-08-10T20:00:00Z,119.36
2025-08-10T21:00:00Z,557.12
2025-08-10T22:00:00Z,655.73
2025-08-10T23:00:00Z,709.11
2025-08-11T00:00:00Z,165.72
2025-08-11T01:00:00Z,342.51
2025-08-11T02:00:00Z,396.24
2025-08-11T03:00:00Z,202.43
2025-08-11T04:00:00Z,455.67
2025-08-11T05:00:00Z,189.66
2025-08-11T06:00:00Z,649.19
2025-08-11T07:00:00Z,447.75
2025-08-11T08:00:00Z,3331.93
2025-08-11T09:00:00Z,2441.84
2025-08-11T10:00:00Z,4229.17
2025-08-11T11:00:00Z,4545.3
2025-08-11T12:00:00Z,4423.21
2025-08-11T13:00:00Z,2037.55
2025-08-11T14:00:00Z,3180.22
2025-08-11T15:00:00Z,2768.03
2025-08-11T16:00:00Z,3474.68
2025-08-11T17:00:00Z,4221.81
2025-08-11T18:00:00Z,2578.82
2025-08-11T19:00:00Z,713.37
2025-08-11T20:00:00Z,480.65
2025-08-11T21:00:00Z,1009.06
2025-08-11T22:00:00Z,197.59
2025-08-11T23:00:00Z,817.12
2025-08-12T00:00:00Z,312.23
2025-08-12T01:00:00Z,1369.78
2025-08-12T02:00:00Z,106.19
2025-08-12T03:00:00Z,1009.52
2025-08-12T04:00:00Z,171.73
2025-08-12T05:00:00Z,632.42
2025-08-12T06:00:00Z,432.03
2025-08-12T07:00:00Z,497.93
2025-08-12T08:00:00Z,3434.93
2025-08-12T09:00:00Z,2759.54
2025-08-12T10:00:00Z,4188.2
2025-08-12T11:00:00Z,3769.93
2025-08-12T12:00:00Z,3461.39
2025-08-12T13:00:00Z,2441.0
2025-08-12T14:00:00Z,3250.96
2025-08-12T15:00:00Z,1828.44
2025-08-12T16:00:00Z,3640.1
2025-08-12T17:00:00Z,4959.95
2025-08-12T18:00:00Z,2985.57
2025-08-12T19:00:00Z,197.97
2025-08-12T20:00:00Z,145.19
2025-08-12T21:00:00Z,1137.26
2025-08-12T22:00:00Z,953.89
2025-08-12T23:00:00Z,313.0
2025-08-13T00:00:00Z,1111.88
2025-08-13T01:00:00Z,126.09
2025-08-13T02:00:00Z,27.33
2025-08-13T03:00:00Z,977.7
2025-08-13T04:00:00Z,748.86
2025-08-13T05:00:00Z,164.5
2025-08-13T06:00:00Z,596.44
2025-08-13T07:00:00Z,338.37
2025-08-13T08:00:00Z,2799.59
2025-08-13T09:00:00Z,3339.61
2025-08-13T10:00:00Z,3934.14
2025-08-13T11:00:00Z,2668.29
2025-08-13T12:00:00Z,2416.0
2025-08-13T13:00:00Z,911.13
2025-08-13T14:00:00Z,3409.86
2025-08-13T15:00:00Z,2383.83
2025-08-13T16:00:00Z,3623.24
2025-08-13T17:00:00Z,3282.64
2025-08-13T18:00:00Z,1971.85
2025-08-13T19:00:00Z,1311.79
2025-08-13T20:00:00Z,480.69
2025-08-13T21:00:00Z,429.08
2025-08-13T22:00:00Z,84.91
2025-08-13T23:00:00Z,1002.45
2025-08-14T00:00:00Z,393.67
2025-08-14T01:00:00Z,29.41
2025-08-14T02:00:00Z,769.33
2025-08-14T03:00:00Z,87.46
2025-08-14T04:00:00Z,185.85
2025-08-14T05:00:00Z,85.56
2025-08-14T06:00:00Z,265.13
2025-08-14T07:00:00Z,491.49
2025-08-14T08:00:00Z,1726.89
2025-08-14T09:00:00Z,1751.75
2025-08-14T10:00:00Z,4362.75
2025-08-14T11:00:00Z,3016.29
2025-08-14T12:00:00Z,3076.42
2025-08-14T13:00:00Z,3772.81
2025-08-14T14:00:00Z,3333.01
2025-08-14T15:00:00Z,2906.95
2025-08-14T16:00:00Z,2210.61
2025-08-14T17:00:00Z,2645.61
2025-08-14T18:00:00Z,3186.1
2025-08-14T19:00:00Z,101.23
2025-08-14T20:00:00Z,618.69
2025-08-14T21:00:00Z,82.69
2025-08-14T22:00:00Z,813.78
2025-08-14T23:00:00Z,314.01
2025-08-15T00:00:00Z,198.73
2025-08-15T01:00:00Z,1036.65
2025-08-15T02:00:00Z,35.72
2025-08-15T03:00:00Z,36.56
2025-08-15T04:00:00Z,121.39
2025-08-15T05:00:00Z,19.38
2025-08-15T06:00:00Z,19.95
2025-08-15T07:00:00Z,456.92
2025-08-15T08:00:00Z,3430.13
2025-08-15T09:00:00Z,2840.2
2025-08-15T10:00:00Z,3959.71
2025-08-15T11:00:00Z,2765.53
2025-08-15T12:00:00Z,3487.36
2025-08-15T13:00:00Z,3564.61
2025-08-15T14:00:00Z,3789.5
2025-08-15T15:00:00Z,2923.03
2025-08-15T16:00:00Z,3936.54
2025-08-15T17:00:00Z,2913.63
2025-08-15T18:00:00Z,2364.01
2025-08-15T19:00:00Z,673.05
2025-08-15T20:00:00Z,771.67
2025-08-15T21:00:00Z,291.98
2025-08-15T22:00:00Z,434.93
2025-08-15T23:00:00Z,469.25
2025-08-16T00:00:00Z,70.48
2025-08-16T01:00:00Z,494.54
2025-08-16T02:00:00Z,481.4
2025-08-16T03:00:00Z,46.99
2025-08-16T04:00:00Z,104.17
2025-08-16T05:00:00Z,60.76
2025-08-16T06:00:00Z,183.92
2025-08-16T07:00:00Z,319.95
2025-08-16T08:00:00Z,765.25
2025-08-16T09:00:00Z,1448.72
2025-08-16T10:00:00Z,1604.89
2025-08-16T11:00:00Z,1039.65
2025-08-16T12:00:00Z,1639.61
2025-08-16T13:00:00Z,782.04
2025-08-16T14:00:00Z,2252.74
2025-08-16T15:00:00Z,269.24
2025-08-16T16:00:00Z,455.57
2025-08-16T17:00:00Z,1582.01
2025-08-16T18:00:00Z,3092.5
2025-08-16T19:00:00Z,173.08
2025-08-16T20:00:00Z,236.19
2025-08-16T21:00:00Z,345.62
2025-08-16T22:00:00Z,567.98
2025-08-16T23:00:00Z,237.25
2025-08-17T00:00:00Z,320.37
2025-08-17T01:00:00Z,314.65
2025-08-17T02:00:00Z,639.83
2025-08-17T03:00:00Z,166.18
2025-08-17T04:00:00Z,211.17
2025-08-17T05:00:00Z,129.91
2025-08-17T06:00:00Z,549.62
2025-08-17T07:00:00Z,357.58
2025-08-17T08:00:00Z,1668.19
2025-08-17T09:00:00Z,1496.84
2025-08-17T10:00:00Z,2565.57
2025-08-17T11:00:00Z,1658.05
2025-08-17T12:00:00Z,1677.4
2025-08-17T13:00:00Z,1567.67
2025-08-17T14:00:00Z,3429.14
2025-08-17T15:00:00Z,1330.38
2025-08-17T16:00:00Z,632.09
2025-08-17T17:00:00Z,2441.45
2025-08-17T18:00:00Z,2845.31
2025-08-17T19:00:00Z,115.18
2025-08-17T20:00:00Z,382.25
2025-08-17T21:00:00Z,408.94
2025-08-17T22:00:00Z,71.88
2025-08-17T23:00:00Z,153.58
2025-08-18T00:00:00Z,1038.13
2025-08-18T01:00:00Z,521.35
2025-08-18T02:00:00Z,266.8
2025-08-18T03:00:00Z,1552.8
2025-08-18T04:00:00Z,168.42
2025-08-18T05:00:00Z,421.34
2025-08-18T06:00:00Z,407.96
2025-08-18T07:00:00Z,16.79
2025-08-18T08:00:00Z,3838.92
2025-08-18T09:00:00Z,3357.53
2025-08-18T10:00:00Z,3082.82
2025-08-18T11:00:00Z,2709.69
2025-08-18T12:00:00Z,2825.38
2025-08-18T13:00:00Z,3714.27
2025-08-18T14:00:00Z,2713.88
2025-08-18T15:00:00Z,4835.54
2025-08-18T16:00:00Z,3186.2
2025-08-18T17:00:00Z,3883.5
2025-08-18T18:00:00Z,3196.88
2025-08-18T19:00:00Z,268.49
2025-08-18T20:00:00Z,79.59
2025-08-18T21:00:00Z,1396.85
2025-08-18T22:00:00Z,339.21
2025-08-18T23:00:00Z,723.92
2025-08-19T00:00:00Z,158.99
2025-08-19T01:00:00Z,569.21
2025-08-19T02:00:00Z,152.19
2025-08-19T03:00:00Z,86.49
2025-08-19T04:00:00Z,588.12
2025-08-19T05:00:00Z,630.08
2025-08-19T06:00:00Z,698.18
2025-08-19T07:00:00Z,595.54
2025-08-19T08:00:00Z,2682.14
2025-08-19T09:00:00Z,5544.17
2025-08-19T10:00:00Z,5678.29
2025-08-19T11:00:00Z,3680.59
2025-08-19T12:00:00Z,3854.76
2025-08-19T13:00:00Z,4315.6
2025-08-19T14:00:00Z,5198.67
2025-08-19T15:00:00Z,4417.16
2025-08-19T16:00:00Z,1718.16
2025-08-19T17:00:00Z,2849.23
2025-08-19T18:00:00Z,3808.17
2025-08-19T19:00:00Z,158.42
2025-08-19T20:00:00Z,847.51
2025-08-19T21:00:00Z,824.0
2025-08-19T22:00:00Z,554.7
2025-08-19T23:00:00Z,876.69
2025-08-20T00:00:00Z,722.46
2025-08-20T01:00:00Z,133.59
2025-08-20T02:00:00Z,1263.01
2025-08-20T03:00:00Z,71.8
2025-08-20T04:00:00Z,997.5
2025-08-20T05:00:00Z,1343.99
2025-08-20T06:00:00Z,1075.22
2025-08-20T07:00:00Z,524.67
2025-08-20T08:00:00Z,2739.23
2025-08-20T09:00:00Z,2017.26
2025-08-20T10:00:00Z,4530.19
2025-08-20T11:00:00Z,4652.36
2025-08-20T12:00:00Z,2132.2
2025-08-20T13:00:00Z,4858.43
2025-08-20T14:00:00Z,3791.54
2025-08-20T15:00:00Z,3267.36
2025-08-20T16:00:00Z,2238.79
2025-08-20T17:00:00Z,3027.83
2025-08-20T18:00:00Z,3044.38
2025-08-20T19:00:00Z,18.95
2025-08-20T20:00:00Z,847.75
2025-08-20T21:00:00Z,670.98
2025-08-20T22:00:00Z,502.04
2025-08-20T23:00:00Z,878.77
2025-08-21T00:00:00Z,1991.71
2025-08-21T01:00:00Z,349.43
2025-08-21T02:00:00Z,862.6
2025-08-21T03:00:00Z,388.28
2025-08-21T04:00:00Z,134.83
2025-08-21T05:00:00Z,469.81
2025-08-21T06:00:00Z,294.34
2025-08-21T07:00:00Z,271.45
2025-08-21T08:00:00Z,2363.05
2025-08-21T09:00:00Z,4870.31
2025-08-21T10:00:00Z,1781.55
2025-08-21T11:00:00Z,3135.61
2025-08-21T12:00:00Z,3517.33
2025-08-21T13:00:00Z,2935.46
2025-08-21T14:00:00Z,4465.6
2025-08-21T15:00:00Z,3551.31
2025-08-21T16:00:00Z,4032.26
2025-08-21T17:00:00Z,4327.69
2025-08-21T18:00:00Z,2616.35
2025-08-21T19:00:00Z,326.67
2025-08-21T20:00:00Z,701.41
2025-08-21T21:00:00Z,1222.6
2025-08-21T22:00:00Z,674.57
2025-08-21T23:00:00Z,305.75
2025-08-22T00:00:00Z,203.0
2025-08-22T01:00:00Z,427.2
2025-08-22T02:00:00Z,713.15
2025-08-22T03:00:00Z,146.38
2025-08-22T04:00:00Z,1430.36
2025-08-22T05:00:00Z,833.05
2025-08-22T06:00:00Z,1000.86
2025-08-22T07:00:00Z,1051.12
2025-08-22T08:00:00Z,2608.23
2025-08-22T09:00:00Z,2641.33
2025-08-22T10:00:00Z,2640.44
2025-08-22T11:00:00Z,3646.22
2025-08-22T12:00:00Z,3396.37
2025-08-22T13:00:00Z,1772.75
2025-08-22T14:00:00Z,2408.88
2025-08-22T15:00:00Z,1642.69
2025-08-22T16:00:00Z,3091.53
2025-08-22T17:00:00Z,3615.37
2025-08-22T18:00:00Z,5352.63
2025-08-22T19:00:00Z,1801.66
2025-08-22T20:00:00Z,1198.95
2025-08-22T21:00:00Z,627.94
2025-08-22T22:00:00Z,344.49
2025-08-22T23:00:00Z,326.31
2025-08-23T00:00:00Z,79.95
2025-08-23T01:00:00Z,445.4
2025-08-23T02:00:00Z,340.83
2025-08-23T03:00:00Z,381.65
2025-08-23T04:00:00Z,77.97
2025-08-23T05:00:00Z,327.42
2025-08-23T06:00:00Z,492.25
2025-08-23T07:00:00Z,703.55
2025-08-23T08:00:00Z,1466.2
2025-08-23T09:00:00Z,1533.34
2025-08-23T10:00:00Z,1830.94
2025-08-23T11:00:00Z,2471.23
2025-08-23T12:00:00Z,1297.2
2025-08-23T13:00:00Z,1717.19
2025-08-23T14:00:00Z,1241.41
2025-08-23T15:00:00Z,1742.19
2025-08-23T16:00:00Z,1470.31
2025-08-23T17:00:00Z,1250.27
2025-08-23T18:00:00Z,1608.81
2025-08-23T19:00:00Z,383.07
2025-08-23T20:00:00Z,464.52
2025-08-23T21:00:00Z,379.02
2025-08-23T22:00:00Z,863.19
2025-08-23T23:00:00Z,12.58
2025-08-24T00:00:00Z,718.9
2025-08-24T01:00:00Z,19.0
2025-08-24T02:00:00Z,0.01
2025-08-24T03:00:00Z,88.81
2025-08-24T04:00:00Z,88.79
2025-08-24T05:00:00Z,293.71
2025-08-24T06:00:00Z,172.15
2025-08-24T07:00:00Z,26.29
2025-08-24T08:00:00Z,2461.85
2025-08-24T09:00:00Z,1611.39
2025-08-24T10:00:00Z,863.97
2025-08-24T11:00:00Z,888.58
2025-08-24T12:00:00Z,1292.94
2025-08-24T13:00:00Z,2689.95
2025-08-24T14:00:00Z,1315.39
2025-08-24T15:00:00Z,1149.74
2025-08-24T16:00:00Z,2393.22
2025-08-24T17:00:00Z,1093.77
2025-08-24T18:00:00Z,1230.92
2025-08-24T19:00:00Z,12.17
2025-08-24T20:00:00Z,339.73
2025-08-24T21:00:00Z,76.11
2025-08-24T22:00:00Z,120.02
2025-08-24T23:00:00Z,99.92
2025-08-25T00:00:00Z,157.05
2025-08-25T01:00:00Z,556.73
2025-08-25T02:00:00Z,775.96
2025-08-25T03:00:00Z,321.45
2025-08-25T04:00:00Z,18.76
2025-08-25T05:00:00Z,476.63
2025-08-25T06:00:00Z,1046.04
2025-08-25T07:00:00Z,740.86
2025-08-25T08:00:00Z,3730.41
2025-08-25T09:00:00Z,5839.64
2025-08-25T10:00:00Z,1632.47
2025-08-25T11:00:00Z,3184.58
2025-08-25T12:00:00Z,5116.78
2025-08-25T13:00:00Z,6052.5
2025-08-25T14:00:00Z,3546.01
2025-08-25T15:00:00Z,3066.18
2025-08-25T16:00:00Z,3170.97
2025-08-25T17:00:00Z,1914.03
2025-08-25T18:00:00Z,3744.34
2025-08-25T19:00:00Z,534.97
2025-08-25T20:00:00Z,1287.11
2025-08-25T21:00:00Z,52.77
2025-08-25T22:00:00Z,756.49
2025-08-25T23:00:00Z,121.0
2025-08-26T00:00:00Z,614.06
2025-08-26T01:00:00Z,345.45
2025-08-26T02:00:00Z,731.56
2025-08-26T03:00:00Z,959.41
2025-08-26T04:00:00Z,473.37
2025-08-26T05:00:00Z,324.33
2025-08-26T06:00:00Z,376.76
2025-08-26T07:00:00Z,737.68
2025-08-26T08:00:00Z,2509.02
2025-08-26T09:00:00Z,2536.72
2025-08-26T10:00:00Z,1891.31
2025-08-26T11:00:00Z,2758.71
2025-08-26T12:00:00Z,2682.15
2025-08-26T13:00:00Z,3760.77
2025-08-26T14:00:00Z,3333.41
2025-08-26T15:00:00Z,2905.07
2025-08-26T16:00:00Z,1770.66
2025-08-26T17:00:00Z,1840.48
2025-08-26T18:00:00Z,4908.52
2025-08-26T19:00:00Z,816.84
2025-08-26T20:00:00Z,787.99
2025-08-26T21:00:00Z,788.53
2025-08-26T22:00:00Z,536.64
2025-08-26T23:00:00Z,202.28
2025-08-27T00:00:00Z,265.67
2025-08-27T01:00:00Z,1181.56
2025-08-27T02:00:00Z,1005.98
2025-08-27T03:00:00Z,575.4
2025-08-27T04:00:00Z,409.98
2025-08-27T05:00:00Z,1246.08
2025-08-27T06:00:00Z,406.82
2025-08-27T07:00:00Z,817.43
2025-08-27T08:00:00Z,3107.18
2025-08-27T09:00:00Z,4784.82
2025-08-27T10:00:00Z,3508.17
2025-08-27T11:00:00Z,2591.6
2025-08-27T12:00:00Z,3660.18
2025-08-27T13:00:00Z,3497.76
2025-08-27T14:00:00Z,4396.11
2025-08-27T15:00:00Z,4229.64
2025-08-27T16:00:00Z,4169.1
2025-08-27T17:00:00Z,3602.28
2025-08-27T18:00:00Z,3074.51
2025-08-27T19:00:00Z,557.26
2025-08-27T20:00:00Z,758.88
2025-08-27T21:00:00Z,284.07
2025-08-27T22:00:00Z,110.24
2025-08-27T23:00:00Z,233.7
2025-08-28T00:00:00Z,488.12
2025-08-28T01:00:00Z,167.87
2025-08-28T02:00:00Z,332.8
2025-08-28T03:00:00Z,624.78
2025-08-28T04:00:00Z,1064.07
2025-08-28T05:00:00Z,39.87
2025-08-28T06:00:00Z,762.84
2025-08-28T07:00:00Z,443.85
2025-08-28T08:00:00Z,2663.85
2025-08-28T09:00:00Z,3206.5
2025-08-28T10:00:00Z,2394.94
2025-08-28T11:00:00Z,3163.27
2025-08-28T12:00:00Z,2711.5
2025-08-28T13:00:00Z,3277.63
2025-08-28T14:00:00Z,3125.01
2025-08-28T15:00:00Z,2826.56
2025-08-28T16:00:00Z,5251.79
2025-08-28T17:00:00Z,2524.96
2025-08-28T18:00:00Z,3058.38
2025-08-28T19:00:00Z,239.87
2025-08-28T20:00:00Z,275.38
2025-08-28T21:00:00Z,705.13
2025-08-28T22:00:00Z,367.02
2025-08-28T23:00:00Z,1274.29
2025-08-29T00:00:00Z,449.6
2025-08-29T01:00:00Z,341.92
2025-08-29T02:00:00Z,118.5
2025-08-29T03:00:00Z,366.47
2025-08-29T04:00:00Z,110.82
2025-08-29T05:00:00Z,592.49
2025-08-29T06:00:00Z,780.26
2025-08-29T07:00:00Z,688.81
2025-08-29T08:00:00Z,2763.75
2025-08-29T09:00:00Z,4290.17
2025-08-29T10:00:00Z,4000.59
2025-08-29T11:00:00Z,4643.75
2025-08-29T12:00:00Z,4621.71
2025-08-29T13:00:00Z,3315.57
2025-08-29T14:00:00Z,4323.7
2025-08-29T15:00:00Z,3357.99
2025-08-29T16:00:00Z,2933.34
2025-08-29T17:00:00Z,3683.52
2025-08-29T18:00:00Z,2335.99
2025-08-29T19:00:00Z,481.3
2025-08-29T20:00:00Z,242.13
2025-08-29T21:00:00Z,917.83
2025-08-29T22:00:00Z,1185.46
2025-08-29T23:00:00Z,267.48
2025-08-30T00:00:00Z,716.5
2025-08-30T01:00:00Z,111.23
2025-08-30T02:00:00Z,469.48
2025-08-30T03:00:00Z,96.2
2025-08-30T04:00:00Z,768.8
2025-08-30T05:00:00Z,487.82
2025-08-30T06:00:00Z,5.45
2025-08-30T07:00:00Z,247.9
2025-08-30T08:00:00Z,1483.2
2025-08-30T09:00:00Z,363.46
2025-08-30T10:00:00Z,2314.38
2025-08-30T11:00:00Z,1384.72
2025-08-30T12:00:00Z,2091.02
2025-08-30T13:00:00Z,938.75
2025-08-30T14:00:00Z,2091.79
2025-08-30T15:00:00Z,853.23
2025-08-30T16:00:00Z,2462.81
2025-08-30T17:00:00Z,1242.57
2025-08-30T18:00:00Z,541.28
2025-08-30T19:00:00Z,184.0
2025-08-30T20:00:00Z,382.36
2025-08-30T21:00:00Z,717.75
2025-08-30T22:00:00Z,500.81
2025-08-30T23:00:00Z,22.94
2025-08-31T00:00:00Z,71.82
2025-08-31T01:00:00Z,67.67
2025-08-31T02:00:00Z,95.38
2025-08-31T03:00:00Z,509.65
2025-08-31T04:00:00Z,471.85
2025-08-31T05:00:00Z,394.21
2025-08-31T06:00:00Z,122.9
2025-08-31T07:00:00Z,419.69
2025-08-31T08:00:00Z,1106.48
2025-08-31T09:00:00Z,2247.54
2025-08-31T10:00:00Z,988.12
2025-08-31T11:00:00Z,2349.26
2025-08-31T12:00:00Z,2041.96
2025-08-31T13:00:00Z,2359.11
2025-08-31T14:00:00Z,1448.27
2025-08-31T15:00:00Z,1706.63
2025-08-31T16:00:00Z,2472.19
2025-08-31T17:00:00Z,1784.65
2025-08-31T18:00:00Z,1279.93
2025-08-31T19:00:00Z,454.15
2025-08-31T20:00:00Z,12.76
2025-08-31T21:00:00Z,1382.61
2025-08-31T22:00:00Z,279.81
2025-08-31T23:00:00Z,15.81
2025-09-01T00:00:00Z,1141.15
2025-09-01T01:00:00Z,907.09
2025-09-01T02:00:00Z,1141.22
2025-09-01T03:00:00Z,1032.08
2025-09-01T04:00:00Z,370.81
2025-09-01T05:00:00Z,501.91
2025-09-01T06:00:00Z,83.59
2025-09-01T07:00:00Z,59.47
2025-09-01T08:00:00Z,2912.55
2025-09-01T09:00:00Z,3258.26
2025-09-01T10:00:00Z,1809.17
2025-09-01T11:00:00Z,3220.24
2025-09-01T12:00:00Z,1476.75
2025-09-01T13:00:00Z,1399.69
2025-09-01T14:00:00Z,3332.29
2025-09-01T15:00:00Z,4020.79
2025-09-01T16:00:00Z,1748.5
2025-09-01T17:00:00Z,3826.82
2025-09-01T18:00:00Z,4961.7
2025-09-01T19:00:00Z,238.8
2025-09-01T20:00:00Z,970.35
2025-09-01T21:00:00Z,324.19
2025-09-01T22:00:00Z,789.48
2025-09-01T23:00:00Z,16.87
2025-09-02T00:00:00Z,12.17
2025-09-02T01:00:00Z,470.65
2025-09-02T02:00:00Z,505.64
2025-09-02T03:00:00Z,812.05
2025-09-02T04:00:00Z,685.22
2025-09-02T05:00:00Z,568.6
2025-09-02T06:00:00Z,553.24
2025-09-02T07:00:00Z,20.25
2025-09-02T08:00:00Z,1500.14
2025-09-02T09:00:00Z,3201.17
2025-09-02T10:00:00Z,4057.95
2025-09-02T11:00:00Z,3470.62
2025-09-02T12:00:00Z,2793.62
2025-09-02T13:00:00Z,3512.52
2025-09-02T14:00:00Z,2651.12
2025-09-02T15:00:00Z,3609.58
2025-09-02T16:00:00Z,4728.72
2025-09-02T17:00:00Z,3304.36
2025-09-02T18:00:00Z,5263.29
2025-09-02T19:00:00Z,311.21
2025-09-02T20:00:00Z,597.91
2025-09-02T21:00:00Z,726.71
2025-09-02T22:00:00Z,305.02
2025-09-02T23:00:00Z,280.22
2025-09-03T00:00:00Z,10.22
2025-09-03T01:00:00Z,743.3
2025-09-03T02:00:00Z,905.31
2025-09-03T03:00:00Z,433.04
2025-09-03T04:00:00Z,453.05
2025-09-03T05:00:00Z,629.3
2025-09-03T06:00:00Z,243.92
2025-09-03T07:00:00Z,576.16
2025-09-03T08:00:00Z,2676.39
2025-09-03T09:00:00Z,3260.69
2025-09-03T10:00:00Z,2075.31
2025-09-03T11:00:00Z,2978.94
2025-09-03T12:00:00Z,3746.06
2025-09-03T13:00:00Z,1572.33
2025-09-03T14:00:00Z,4284.8
2025-09-03T15:00:00Z,5023.6
2025-09-03T16:00:00Z,4157.11
2025-09-03T17:00:00Z,4760.69
2025-09-03T18:00:00Z,2295.57
2025-09-03T19:00:00Z,375.09
2025-09-03T20:00:00Z,31.41
2025-09-03T21:00:00Z,739.91
2025-09-03T22:00:00Z,453.62
2025-09-03T23:00:00Z,570.52
2025-09-04T00:00:00Z,285.34
2025-09-04T01:00:00Z,75.26
2025-09-04T02:00:00Z,827.62
2025-09-04T03:00:00Z,416.07
2025-09-04T04:00:00Z,411.09
2025-09-04T05:00:00Z,566.77
2025-09-04T06:00:00Z,1722.54
2025-09-04T07:00:00Z,1257.5
2025-09-04T08:00:00Z,3209.97
2025-09-04T09:00:00Z,3279.28
2025-09-04T10:00:00Z,2853.61
2025-09-04T11:00:00Z,3106.77
2025-09-04T12:00:00Z,4393.02
2025-09-04T13:00:00Z,1799.75
2025-09-04T14:00:00Z,4379.31
2025-09-04T15:00:00Z,3399.25
2025-09-04T16:00:00Z,3393.39
2025-09-04T17:00:00Z,4613.99
2025-09-04T18:00:00Z,3261.47
2025-09-04T19:00:00Z,789.87
2025-09-04T20:00:00Z,398.95
2025-09-04T21:00:00Z,593.2
2025-09-04T22:00:00Z,1347.88
2025-09-04T23:00:00Z,749.43
2025-09-05T00:00:00Z,754.07
2025-09-05T01:00:00Z,584.63
2025-09-05T02:00:00Z,144.81
2025-09-05T03:00:00Z,379.39
2025-09-05T04:00:00Z,964.36
2025-09-05T05:00:00Z,130.35
2025-09-05T06:00:00Z,677.21
2025-09-05T07:00:00Z,958.72
2025-09-05T08:00:00Z,2841.99
2025-09-05T09:00:00Z,2766.05
2025-09-05T10:00:00Z,3459.84
2025-09-05T11:00:00Z,3677.19
2025-09-05T12:00:00Z,3286.46
2025-09-05T13:00:00Z,3546.36
2025-09-05T14:00:00Z,3659.0
2025-09-05T15:00:00Z,1605.69
2025-09-05T16:00:00Z,2430.19
2025-09-05T17:00:00Z,4284.55
2025-09-05T18:00:00Z,3882.14
2025-09-05T19:00:00Z,1062.55
2025-09-05T20:00:00Z,69.78
2025-09-05T21:00:00Z,101.6
2025-09-05T22:00:00Z,879.95
2025-09-05T23:00:00Z,644.8
2025-09-06T00:00:00Z,8.12
2025-09-06T01:00:00Z,538.92
2025-09-06T02:00:00Z,66.21
2025-09-06T03:00:00Z,59.8
2025-09-06T04:00:00Z,414.26
2025-09-06T05:00:00Z,227.4
2025-09-06T06:00:00Z,50.1
2025-09-06T07:00:00Z,227.89
2025-09-06T08:00:00Z,1024.69
2025-09-06T09:00:00Z,1879.41
2025-09-06T10:00:00Z,1556.4
2025-09-06T11:00:00Z,1319.22
2025-09-06T12:00:00Z,1802.69
2025-09-06T13:00:00Z,3196.15
2025-09-06T14:00:00Z,1867.2
2025-09-06T15:00:00Z,1312.46
2025-09-06T16:00:00Z,1196.92
2025-09-06T17:00:00Z,1472.73
2025-09-06T18:00:00Z,1853.38
2025-09-06T19:00:00Z,669.88
2025-09-06T20:00:00Z,1770.79
2025-09-06T21:00:00Z,503.48
2025-09-06T22:00:00Z,2176.55
2025-09-06T23:00:00Z,601.47
2025-09-07T00:00:00Z,1491.48
2025-09-07T01:00:00Z,1845.77
2025-09-07T02:00:00Z,2472.2
2025-09-07T03:00:00Z,2004.81
2025-09-07T04:00:00Z,1688.67
2025-09-07T05:00:00Z,3010.25
2025-09-07T06:00:00Z,193.6
2025-09-07T07:00:00Z,447.47
2025-09-07T08:00:00Z,891.26
2025-09-07T09:00:00Z,1716.52
2025-09-07T10:00:00Z,1742.56
2025-09-07T11:00:00Z,690.54
2025-09-07T12:00:00Z,2536.34
2025-09-07T13:00:00Z,1838.13
2025-09-07T14:00:00Z,3435.98
2025-09-07T15:00:00Z,2370.63
2025-09-07T16:00:00Z,1884.79
2025-09-07T17:00:00Z,1441.45
2025-09-07T18:00:00Z,1567.88
2025-09-07T19:00:00Z,224.62
2025-09-07T20:00:00Z,821.83
2025-09-07T21:00:00Z,269.63
2025-09-07T22:00:00Z,611.46
2025-09-07T23:00:00Z,223.61
2025-09-08T00:00:00Z,310.18
2025-09-08T01:00:00Z,541.29
2025-09-08T02:00:00Z,540.4
2025-09-08T03:00:00Z,429.9
2025-09-08T04:00:00Z,104.71
2025-09-08T05:00:00Z,489.32
2025-09-08T06:00:00Z,577.48
2025-09-08T07:00:00Z,130.26
2025-09-08T08:00:00Z,3373.46
2025-09-08T09:00:00Z,1705.2
2025-09-08T10:00:00Z,2095.94
2025-09-08T11:00:00Z,2511.85
2025-09-08T12:00:00Z,2605.32
2025-09-08T13:00:00Z,4182.01
2025-09-08T14:00:00Z,3331.78
2025-09-08T15:00:00Z,3800.22
2025-09-08T16:00:00Z,3143.59
2025-09-08T17:00:00Z,3414.98
2025-09-08T18:00:00Z,3050.05
2025-09-08T19:00:00Z,817.24
2025-09-08T20:00:00Z,642.38
2025-09-08T21:00:00Z,640.0
2025-09-08T22:00:00Z,676.09
2025-09-08T23:00:00Z,341.82
2025-09-09T00:00:00Z,132.57
2025-09-09T01:00:00Z,155.76
2025-09-09T02:00:00Z,788.94
2025-09-09T03:00:00Z,18.27
2025-09-09T04:00:00Z,380.14
2025-09-09T05:00:00Z,1369.34
2025-09-09T06:00:00Z,34.47
2025-09-09T07:00:00Z,285.54
2025-09-09T08:00:00Z,15347.06
2025-09-09T09:00:00Z,13764.08
2025-09-09T10:00:00Z,13978.73
2025-09-09T11:00:00Z,15421.19
2025-09-09T12:00:00Z,17614.06
2025-09-09T13:00:00Z,12743.89
2025-09-09T14:00:00Z,15821.87
2025-09-09T15:00:00Z,2680.23
2025-09-09T16:00:00Z,6151.58
2025-09-09T17:00:00Z,3127.29
2025-09-09T18:00:00Z,3481.57
2025-09-09T19:00:00Z,784.72
2025-09-09T20:00:00Z,117.07
2025-09-09T21:00:00Z,705.38
2025-09-09T22:00:00Z,1316.51
2025-09-09T23:00:00Z,468.55
2025-09-10T00:00:00Z,87.92
2025-09-10T01:00:00Z,19.96
2025-09-10T02:00:00Z,562.89
2025-09-10T03:00:00Z,789.11
2025-09-10T04:00:00Z,493.46
2025-09-10T05:00:00Z,1630.0
2025-09-10T06:00:00Z,703.23
2025-09-10T07:00:00Z,296.92
2025-09-10T08:00:00Z,2732.21
2025-09-10T09:00:00Z,1349.65
2025-09-10T10:00:00Z,4535.51
2025-09-10T11:00:00Z,3636.16
2025-09-10T12:00:00Z,3962.2
2025-09-10T13:00:00Z,2883.96
2025-09-10T14:00:00Z,2511.43
2025-09-10T15:00:00Z,3892.9
2025-09-10T16:00:00Z,3043.44
2025-09-10T17:00:00Z,1678.27
2025-09-10T18:00:00Z,2707.32
2025-09-10T19:00:00Z,73.08
2025-09-10T20:00:00Z,404.05
2025-09-10T21:00:00Z,852.05
2025-09-10T22:00:00Z,129.43
2025-09-10T23:00:00Z,428.94
2025-09-11T00:00:00Z,1117.46
2025-09-11T01:00:00Z,121.91
2025-09-11T02:00:00Z,386.63
2025-09-11T03:00:00Z,437.8
2025-09-11T04:00:00Z,217.56
2025-09-11T05:00:00Z,434.74
2025-09-11T06:00:00Z,689.76
2025-09-11T07:00:00Z,471.9
2025-09-11T08:00:00Z,3729.94
2025-09-11T09:00:00Z,4244.52
2025-09-11T10:00:00Z,4324.94
2025-09-11T11:00:00Z,4658.48
2025-09-11T12:00:00Z,4104.03
2025-09-11T13:00:00Z,2441.21
2025-09-11T14:00:00Z,3834.34
2025-09-11T15:00:00Z,3509.14
2025-09-11T16:00:00Z,1562.32
2025-09-11T17:00:00Z,2853.57
2025-09-11T18:00:00Z,3688.81
2025-09-11T19:00:00Z,392.31
2025-09-11T20:00:00Z,488.11
2025-09-11T21:00:00Z,18.38
2025-09-11T22:00:00Z,413.19
2025-09-11T23:00:00Z,882.52
2025-09-12T00:00:00Z,480.2
2025-09-12T01:00:00Z,1125.68
2025-09-12T02:00:00Z,449.06
2025-09-12T03:00:00Z,1020.25
2025-09-12T04:00:00Z,686.08
2025-09-12T05:00:00Z,523.75
2025-09-12T06:00:00Z,1080.55
2025-09-12T07:00:00Z,559.73
2025-09-12T08:00:00Z,2479.27
2025-09-12T09:00:00Z,3554.26
2025-09-12T10:00:00Z,3092.87
2025-09-12T11:00:00Z,2753.35
2025-09-12T12:00:00Z,2337.94
2025-09-12T13:00:00Z,1403.9
2025-09-12T14:00:00Z,2129.67
2025-09-12T15:00:00Z,3947.93
2025-09-12T16:00:00Z,3585.27
2025-09-12T17:00:00Z,4480.96
2025-09-12T18:00:00Z,4214.63
2025-09-12T19:00:00Z,291.97
2025-09-12T20:00:00Z,696.85
2025-09-12T21:00:00Z,431.37
2025-09-12T22:00:00Z,699.38
2025-09-12T23:00:00Z,3352.49
2025-09-13T00:00:00Z,1802.67
2025-09-13T01:00:00Z,1620.74
2025-09-13T02:00:00Z,2343.28
2025-09-13T03:00:00Z,1048.72
2025-09-13T04:00:00Z,2104.58
2025-09-13T05:00:00Z,2605.73
2025-09-13T06:00:00Z,1675.13
2025-09-13T07:00:00Z,1336.54
2025-09-13T08:00:00Z,1806.13
2025-09-13T09:00:00Z,1049.67
2025-09-13T10:00:00Z,1529.15
2025-09-13T11:00:00Z,869.32
2025-09-13T12:00:00Z,1531.45
2025-09-13T13:00:00Z,11042.64
2025-09-13T14:00:00Z,9099.66
2025-09-13T15:00:00Z,7864.24
2025-09-13T16:00:00Z,9020.71
2025-09-13T17:00:00Z,1410.24
2025-09-13T18:00:00Z,2471.29
2025-09-13T19:00:00Z,602.35
2025-09-13T20:00:00Z,788.55
2025-09-13T21:00:00Z,14.64
2025-09-13T22:00:00Z,73.23
2025-09-13T23:00:00Z,716.05
2025-09-14T00:00:00Z,12.09
2025-09-14T01:00:00Z,221.7
2025-09-14T02:00:00Z,42.76
2025-09-14T03:00:00Z,801.55
2025-09-14T04:00:00Z,256.81
2025-09-14T05:00:00Z,69.05
2025-09-14T06:00:00Z,157.32
2025-09-14T07:00:00Z,92.45
2025-09-14T08:00:00Z,1691.46
2025-09-14T09:00:00Z,1870.02
2025-09-14T10:00:00Z,2148.04
2025-09-14T11:00:00Z,3287.48
2025-09-14T12:00:00Z,2419.87
2025-09-14T13:00:00Z,1252.6
2025-09-14T14:00:00Z,1173.39
2025-09-14T15:00:00Z,1917.42
2025-09-14T16:00:00Z,2330.96
2025-09-14T17:00:00Z,1743.98
2025-09-14T18:00:00Z,1261.44
2025-09-14T19:00:00Z,375.55
2025-09-14T20:00:00Z,197.13
2025-09-14T21:00:00Z,81.14
2025-09-14T22:00:00Z,17.76
2025-09-14T23:00:00Z,130.76
2025-09-15T00:00:00Z,623.28
2025-09-15T01:00:00Z,776.25
2025-09-15T02:00:00Z,540.15
2025-09-15T03:00:00Z,266.57
2025-09-15T04:00:00Z,411.68
2025-09-15T05:00:00Z,613.21
2025-09-15T06:00:00Z,208.56
2025-09-15T07:00:00Z,66.44
2025-09-15T08:00:00Z,2068.9
2025-09-15T09:00:00Z,2709.01
2025-09-15T10:00:00Z,4153.81
2025-09-15T11:00:00Z,4890.47
2025-09-15T12:00:00Z,4969.66
2025-09-15T13:00:00Z,2821.78
2025-09-15T14:00:00Z,2680.34
2025-09-15T15:00:00Z,5942.21
2025-09-15T16:00:00Z,3546.57
2025-09-15T17:00:00Z,3616.21
2025-09-15T18:00:00Z,5047.72
2025-09-15T19:00:00Z,887.5
2025-09-15T20:00:00Z,103.36
2025-09-15T21:00:00Z,118.88
2025-09-15T22:00:00Z,707.48
2025-09-15T23:00:00Z,248.03
2025-09-16T00:00:00Z,553.65
2025-09-16T01:00:00Z,575.84
2025-09-16T02:00:00Z,481.33
2025-09-16T03:00:00Z,1228.46
2025-09-16T04:00:00Z,759.09
2025-09-16T05:00:00Z,375.29
2025-09-16T06:00:00Z,264.08
2025-09-16T07:00:00Z,550.05
2025-09-16T08:00:00Z,1894.16
2025-09-16T09:00:00Z,2759.39
2025-09-16T10:00:00Z,3335.38
2025-09-16T11:00:00Z,3883.26
2025-09-16T12:00:00Z,2631.01
2025-09-16T13:00:00Z,2829.45
2025-09-16T14:00:00Z,2210.01
2025-09-16T15:00:00Z,2015.17
2025-09-16T16:00:00Z,2303.9
2025-09-16T17:00:00Z,3280.98
2025-09-16T18:00:00Z,4088.14
2025-09-16T19:00:00Z,631.03
2025-09-16T20:00:00Z,477.6
2025-09-16T21:00:00Z,36.92
2025-09-16T22:00:00Z,340.52
2025-09-16T23:00:00Z,23.31
2025-09-17T00:00:00Z,1051.43
2025-09-17T01:00:00Z,408.39
2025-09-17T02:00:00Z,100.26
2025-09-17T03:00:00Z,950.41
2025-09-17T04:00:00Z,856.05
2025-09-17T05:00:00Z,761.75
2025-09-17T06:00:00Z,382.19
2025-09-17T07:00:00Z,1229.18
2025-09-17T08:00:00Z,3745.9
2025-09-17T09:00:00Z,3433.33
2025-09-17T10:00:00Z,1796.08
2025-09-17T11:00:00Z,3602.5
2025-09-17T12:00:00Z,3877.11
2025-09-17T13:00:00Z,2793.95
2025-09-17T14:00:00Z,3750.86
2025-09-17T15:00:00Z,4096.07
2025-09-17T16:00:00Z,3478.19
2025-09-17T17:00:00Z,1982.36
2025-09-17T18:00:00Z,3004.13
2025-09-17T19:00:00Z,1469.2
2025-09-17T20:00:00Z,106.56
2025-09-17T21:00:00Z,254.26
2025-09-17T22:00:00Z,223.63
2025-09-17T23:00:00Z,549.95
2025-09-18T00:00:00Z,566.77
2025-09-18T01:00:00Z,40.81
2025-09-18T02:00:00Z,489.12
2025-09-18T03:00:00Z,153.25
2025-09-18T04:00:00Z,266.95
2025-09-18T05:00:00Z,381.6
2025-09-18T06:00:00Z,322.82
2025-09-18T07:00:00Z,378.46
2025-09-18T08:00:00Z,2301.74
2025-09-18T09:00:00Z,3573.05
2025-09-18T10:00:00Z,4238.1
2025-09-18T11:00:00Z,4742.06
2025-09-18T12:00:00Z,3326.34
2025-09-18T13:00:00Z,2511.34
2025-09-18T14:00:00Z,3329.81
2025-09-18T15:00:00Z,1337.35
2025-09-18T16:00:00Z,3494.52
2025-09-18T17:00:00Z,4091.04
2025-09-18T18:00:00Z,3989.62
2025-09-18T19:00:00Z,43.2
2025-09-18T20:00:00Z,868.14
2025-09-18T21:00:00Z,1241.89
2025-09-18T22:00:00Z,81.97
2025-09-18T23:00:00Z,512.86
2025-09-19T00:00:00Z,75.42
2025-09-19T01:00:00Z,818.96
2025-09-19T02:00:00Z,990.41
2025-09-19T03:00:00Z,853.71
2025-09-19T04:00:00Z,73.54
2025-09-19T05:00:00Z,1105.75
2025-09-19T06:00:00Z,353.29
2025-09-19T07:00:00Z,766.7
2025-09-19T08:00:00Z,3361.32
2025-09-19T09:00:00Z,3496.27
2025-09-19T10:00:00Z,2540.58
2025-09-19T11:00:00Z,4742.67
2025-09-19T12:00:00Z,2505.08
2025-09-19T13:00:00Z,2260.41
2025-09-19T14:00:00Z,2518.98
2025-09-19T15:00:00Z,3103.97
2025-09-19T16:00:00Z,3101.59
2025-09-19T17:00:00Z,3782.96
2025-09-19T18:00:00Z,3599.26
2025-09-19T19:00:00Z,545.7
2025-09-19T20:00:00Z,709.43
2025-09-19T21:00:00Z,67.26
2025-09-19T22:00:00Z,565.01
2025-09-19T23:00:00Z,1251.79
2025-09-20T00:00:00Z,149.48
2025-09-20T01:00:00Z,14.05
2025-09-20T02:00:00Z,65.65
2025-09-20T03:00:00Z,726.9
2025-09-20T04:00:00Z,454.77
2025-09-20T05:00:00Z,410.89
2025-09-20T06:00:00Z,315.96
2025-09-20T07:00:00Z,155.95
2025-09-20T08:00:00Z,2033.27
2025-09-20T09:00:00Z,1385.73
2025-09-20T10:00:00Z,1063.99
2025-09-20T11:00:00Z,1225.18
2025-09-20T12:00:00Z,1236.24
2025-09-20T13:00:00Z,1690.2
2025-09-20T14:00:00Z,2366.87
2025-09-20T15:00:00Z,2851.02
2025-09-20T16:00:00Z,1407.57
2025-09-20T17:00:00Z,577.3
2025-09-20T18:00:00Z,1834.78
2025-09-20T19:00:00Z,62.34
2025-09-20T20:00:00Z,19.46
2025-09-20T21:00:00Z,445.72
2025-09-20T22:00:00Z,15.21
2025-09-20T23:00:00Z,286.35
2025-09-21T00:00:00Z,320.05
2025-09-21T01:00:00Z,401.22
2025-09-21T02:00:00Z,373.94
2025-09-21T03:00:00Z,408.59
2025-09-21T04:00:00Z,366.96
2025-09-21T05:00:00Z,449.27
2025-09-21T06:00:00Z,481.67
2025-09-21T07:00:00Z,81.34
2025-09-21T08:00:00Z,1244.04
2025-09-21T09:00:00Z,1535.85
2025-09-21T10:00:00Z,1264.48
2025-09-21T11:00:00Z,1466.85
2025-09-21T12:00:00Z,1119.99
2025-09-21T13:00:00Z,79.81
2025-09-21T14:00:00Z,1348.66
2025-09-21T15:00:00Z,100.71
2025-09-21T16:00:00Z,2231.24
2025-09-21T17:00:00Z,2019.86
2025-09-21T18:00:00Z,2109.35
2025-09-21T19:00:00Z,87.95
2025-09-21T20:00:00Z,54.96
2025-09-21T21:00:00Z,10.83
2025-09-21T22:00:00Z,14.27
2025-09-21T23:00:00Z,742.46
2025-09-22T00:00:00Z,771.1
2025-09-22T01:00:00Z,560.57
2025-09-22T02:00:00Z,123.43
2025-09-22T03:00:00Z,62.57
2025-09-22T04:00:00Z,483.68
2025-09-22T05:00:00Z,1228.9
2025-09-22T06:00:00Z,457.61
2025-09-22T07:00:00Z,515.42
2025-09-22T08:00:00Z,4023.63
2025-09-22T09:00:00Z,2916.58
2025-09-22T10:00:00Z,2384.64
2025-09-22T11:00:00Z,3133.86
2025-09-22T12:00:00Z,4276.24
2025-09-22T13:00:00Z,1486.76
2025-09-22T14:00:00Z,4190.8
2025-09-22T15:00:00Z,1686.28
2025-09-22T16:00:00Z,2053.49
2025-09-22T17:00:00Z,2885.16
2025-09-22T18:00:00Z,5060.46
2025-09-22T19:00:00Z,430.2
2025-09-22T20:00:00Z,1776.54
2025-09-22T21:00:00Z,420.33
2025-09-22T22:00:00Z,307.85
2025-09-22T23:00:00Z,310.94
2025-09-23T00:00:00Z,744.9
2025-09-23T01:00:00Z,759.37
2025-09-23T02:00:00Z,272.13
2025-09-23T03:00:00Z,1023.58
2025-09-23T04:00:00Z,102.04
2025-09-23T05:00:00Z,601.1
2025-09-23T06:00:00Z,178.62
2025-09-23T07:00:00Z,100.33
2025-09-23T08:00:00Z,1598.73
2025-09-23T09:00:00Z,2224.42
2025-09-23T10:00:00Z,4577.79
2025-09-23T11:00:00Z,3865.62
2025-09-23T12:00:00Z,4926.07
2025-09-23T13:00:00Z,2506.8
2025-09-23T14:00:00Z,2906.48
2025-09-23T15:00:00Z,4100.52
2025-09-23T16:00:00Z,1765.01
2025-09-23T17:00:00Z,4337.05
2025-09-23T18:00:00Z,3815.92
2025-09-23T19:00:00Z,726.31
2025-09-23T20:00:00Z,655.17
2025-09-23T21:00:00Z,27.67
2025-09-23T22:00:00Z,384.54
2025-09-23T23:00:00Z,348.78
2025-09-24T00:00:00Z,37.68
2025-09-24T01:00:00Z,322.11
2025-09-24T02:00:00Z,226.33
2025-09-24T03:00:00Z,601.95
2025-09-24T04:00:00Z,1084.96
2025-09-24T05:00:00Z,547.96
2025-09-24T06:00:00Z,575.97
2025-09-24T07:00:00Z,722.01
2025-09-24T08:00:00Z,2373.98
2025-09-24T09:00:00Z,3075.57
2025-09-24T10:00:00Z,3811.53
2025-09-24T11:00:00Z,3271.79
2025-09-24T12:00:00Z,2633.36
2025-09-24T13:00:00Z,3146.24
2025-09-24T14:00:00Z,4235.96
2025-09-24T15:00:00Z,2102.64
2025-09-24T16:00:00Z,3494.18
2025-09-24T17:00:00Z,3047.78
2025-09-24T18:00:00Z,3133.4
2025-09-24T19:00:00Z,1199.02
2025-09-24T20:00:00Z,751.16
2025-09-24T21:00:00Z,497.69
2025-09-24T22:00:00Z,883.99
2025-09-24T23:00:00Z,452.36
2025-09-25T00:00:00Z,354.68
2025-09-25T01:00:00Z,355.48
2025-09-25T02:00:00Z,1623.63
2025-09-25T03:00:00Z,65.68
2025-09-25T04:00:00Z,727.84
2025-09-25T05:00:00Z,702.89
2025-09-25T06:00:00Z,116.97
2025-09-25T07:00:00Z,322.86
2025-09-25T08:00:00Z,2090.47
2025-09-25T09:00:00Z,3510.26
2025-09-25T10:00:00Z,4696.8
2025-09-25T11:00:00Z,3033.01
2025-09-25T12:00:00Z,3464.33
2025-09-25T13:00:00Z,3448.72
2025-09-25T14:00:00Z,4184.48
2025-09-25T15:00:00Z,2972.8
2025-09-25T16:00:00Z,3117.5
2025-09-25T17:00:00Z,3158.9
2025-09-25T18:00:00Z,2693.89
2025-09-25T19:00:00Z,1028.34
2025-09-25T20:00:00Z,1486.1
2025-09-25T21:00:00Z,1040.18
2025-09-25T22:00:00Z,407.77
2025-09-25T23:00:00Z,535.16
2025-09-26T00:00:00Z,55.12
2025-09-26T01:00:00Z,466.63
2025-09-26T02:00:00Z,508.03
2025-09-26T03:00:00Z,936.43
2025-09-26T04:00:00Z,53.12
2025-09-26T05:00:00Z,447.14
2025-09-26T06:00:00Z,566.38
2025-09-26T07:00:00Z,376.17
2025-09-26T08:00:00Z,4031.99
2025-09-26T09:00:00Z,3559.16
2025-09-26T10:00:00Z,2702.96
2025-09-26T11:00:00Z,3656.6
2025-09-26T12:00:00Z,3948.29
2025-09-26T13:00:00Z,3998.86
2025-09-26T14:00:00Z,3028.84
2025-09-26T15:00:00Z,1619.0
2025-09-26T16:00:00Z,3528.03
2025-09-26T17:00:00Z,4062.04
2025-09-26T18:00:00Z,2284.55
2025-09-26T19:00:00Z,1023.49
2025-09-26T20:00:00Z,24.24
2025-09-26T21:00:00Z,627.59
2025-09-26T22:00:00Z,230.8
2025-09-26T23:00:00Z,774.74
2025-09-27T00:00:00Z,19.24
2025-09-27T01:00:00Z,179.87
2025-09-27T02:00:00Z,261.87
2025-09-27T03:00:00Z,11.16
2025-09-27T04:00:00Z,77.91
2025-09-27T05:00:00Z,36.3
2025-09-27T06:00:00Z,259.69
2025-09-27T07:00:00Z,677.03
2025-09-27T08:00:00Z,2325.45
2025-09-27T09:00:00Z,2399.11
2025-09-27T10:00:00Z,1810.09
2025-09-27T11:00:00Z,1055.1
2025-09-27T12:00:00Z,2110.23
2025-09-27T13:00:00Z,946.7
2025-09-27T14:00:00Z,1530.67
2025-09-27T15:00:00Z,1824.36
2025-09-27T16:00:00Z,1462.37
2025-09-27T17:00:00Z,2142.59
2025-09-27T18:00:00Z,1213.21
2025-09-27T19:00:00Z,361.43
2025-09-27T20:00:00Z,594.34
2025-09-27T21:00:00Z,13.8
2025-09-27T22:00:00Z,328.74
2025-09-27T23:00:00Z,142.59
2025-09-28T00:00:00Z,684.19
2025-09-28T01:00:00Z,6.27
2025-09-28T02:00:00Z,76.2
2025-09-28T03:00:00Z,62.06
2025-09-28T04:00:00Z,454.97
2025-09-28T05:00:00Z,765.17
2025-09-28T06:00:00Z,14.5
2025-09-28T07:00:00Z,294.43
2025-09-28T08:00:00Z,1535.68
2025-09-28T09:00:00Z,1251.96
2025-09-28T10:00:00Z,1417.91
2025-09-28T11:00:00Z,2293.85
2025-09-28T12:00:00Z,1358.84
2025-09-28T13:00:00Z,1791.13
2025-09-28T14:00:00Z,1659.54
2025-09-28T15:00:00Z,1070.46
2025-09-28T16:00:00Z,1229.54
2025-09-28T17:00:00Z,1739.73
2025-09-28T18:00:00Z,1690.8
2025-09-28T19:00:00Z,68.92
2025-09-28T20:00:00Z,24.71
2025-09-28T21:00:00Z,74.71
2025-09-28T22:00:00Z,259.03
2025-09-28T23:00:00Z,11.49
2025-09-29T00:00:00Z,593.79
2025-09-29T01:00:00Z,844.23
2025-09-29T02:00:00Z,2245.17
2025-09-29T03:00:00Z,855.1
2025-09-29T04:00:00Z,240.95
2025-09-29T05:00:00Z,311.71
2025-09-29T06:00:00Z,146.28
2025-09-29T07:00:00Z,246.61
2025-09-29T08:00:00Z,3749.41
2025-09-29T09:00:00Z,3645.72
2025-09-29T10:00:00Z,3563.26
2025-09-29T11:00:00Z,3414.78
2025-09-29T12:00:00Z,3381.95
2025-09-29T13:00:00Z,2681.04
2025-09-29T14:00:00Z,2205.97
2025-09-29T15:00:00Z,3392.47
2025-09-29T16:00:00Z,4577.95
2025-09-29T17:00:00Z,2242.1
2025-09-29T18:00:00Z,3039.85
2025-09-29T19:00:00Z,590.98
2025-09-29T20:00:00Z,682.84
2025-09-29T21:00:00Z,661.46
2025-09-29T22:00:00Z,348.32
2025-09-29T23:00:00Z,136.6
2025-09-30T00:00:00Z,883.09
2025-09-30T01:00:00Z,437.04
2025-09-30T02:00:00Z,447.13
2025-09-30T03:00:00Z,1672.88
2025-09-30T04:00:00Z,802.38
2025-09-30T05:00:00Z,335.19
2025-09-30T06:00:00Z,869.1
2025-09-30T07:00:00Z,564.5
2025-09-30T08:00:00Z,4158.38
2025-09-30T09:00:00Z,2719.28
2025-09-30T10:00:00Z,3444.99
2025-09-30T11:00:00Z,2618.3
2025-09-30T12:00:00Z,2905.89
2025-09-30T13:00:00Z,2172.05
2025-09-30T14:00:00Z,3088.39
2025-09-30T15:00:00Z,2712.62
2025-09-30T16:00:00Z,2201.25
2025-09-30T17:00:00Z,3490.39
2025-09-30T18:00:00Z,2478.71
2025-09-30T19:00:00Z,393.49
2025-09-30T20:00:00Z,1087.89
2025-09-30T21:00:00Z,1033.84
2025-09-30T22:00:00Z,283.86
2025-09-30T23:00:00Z,1783.01
2025-10-01T00:00:00Z,691.98
2025-10-01T01:00:00Z,105.86
2025-10-01T02:00:00Z,1368.26
2025-10-01T03:00:00Z,709.53
2025-10-01T04:00:00Z,695.31
2025-10-01T05:00:00Z,546.71
2025-10-01T06:00:00Z,605.69
2025-10-01T07:00:00Z,242.01
2025-10-01T08:00:00Z,4503.75
2025-10-01T09:00:00Z,3020.43
2025-10-01T10:00:00Z,3463.56
2025-10-01T11:00:00Z,4132.59
2025-10-01T12:00:00Z,3397.12
2025-10-01T13:00:00Z,2362.78
2025-10-01T14:00:00Z,3528.21
2025-10-01T15:00:00Z,3695.31
2025-10-01T16:00:00Z,4257.33
2025-10-01T17:00:00Z,4217.49
2025-10-01T18:00:00Z,1779.79
2025-10-01T19:00:00Z,145.7
2025-10-01T20:00:00Z,621.44
2025-10-01T21:00:00Z,422.67
2025-10-01T22:00:00Z,202.36
2025-10-01T23:00:00Z,1263.3
2025-10-02T00:00:00Z,818.43
2025-10-02T01:00:00Z,249.72
2025-10-02T02:00:00Z,690.97
2025-10-02T03:00:00Z,923.36
2025-10-02T04:00:00Z,631.04
2025-10-02T05:00:00Z,497.02
2025-10-02T06:00:00Z,1242.76
2025-10-02T07:00:00Z,48.93
2025-10-02T08:00:00Z,3735.47
2025-10-02T09:00:00Z,3087.51
2025-10-02T10:00:00Z,3485.92
2025-10-02T11:00:00Z,5068.59
2025-10-02T12:00:00Z,3888.71
2025-10-02T13:00:00Z,3741.27
2025-10-02T14:00:00Z,2579.71
2025-10-02T15:00:00Z,4889.15
2025-10-02T16:00:00Z,4451.51
2025-10-02T17:00:00Z,2175.43
2025-10-02T18:00:00Z,1330.94
2025-10-02T19:00:00Z,1211.14
2025-10-02T20:00:00Z,815.1
2025-10-02T21:00:00Z,1478.01
2025-10-02T22:00:00Z,331.04
2025-10-02T23:00:00Z,344.42
2025-10-03T00:00:00Z,152.39
2025-10-03T01:00:00Z,451.8
2025-10-03T02:00:00Z,317.41
2025-10-03T03:00:00Z,435.27
2025-10-03T04:00:00Z,122.19
2025-10-03T05:00:00Z,11.03
2025-10-03T06:00:00Z,1035.51
2025-10-03T07:00:00Z,796.01
2025-10-03T08:00:00Z,4258.73
2025-10-03T09:00:00Z,2009.59
2025-10-03T10:00:00Z,3951.84
2025-10-03T11:00:00Z,3294.59
2025-10-03T12:00:00Z,3408.58
2025-10-03T13:00:00Z,5438.94
2025-10-03T14:00:00Z,3332.25
2025-10-03T15:00:00Z,3509.96
2025-10-03T16:00:00Z,3108.68
2025-10-03T17:00:00Z,4236.17
2025-10-03T18:00:00Z,2247.86
2025-10-03T19:00:00Z,550.26
2025-10-03T20:00:00Z,6.69
2025-10-03T21:00:00Z,708.53
2025-10-03T22:00:00Z,666.59
2025-10-03T23:00:00Z,508.75
2025-10-04T00:00:00Z,456.44
2025-10-04T01:00:00Z,42.15
2025-10-04T02:00:00Z,27.12
2025-10-04T03:00:00Z,61.86
2025-10-04T04:00:00Z,6.03
2025-10-04T05:00:00Z,298.69
2025-10-04T06:00:00Z,6.44
2025-10-04T07:00:00Z,584.56
2025-10-04T08:00:00Z,1981.08
2025-10-04T09:00:00Z,717.1
2025-10-04T10:00:00Z,2014.13
2025-10-04T11:00:00Z,1545.82
2025-10-04T12:00:00Z,2508.98
2025-10-04T13:00:00Z,2240.43
2025-10-04T14:00:00Z,2592.08
2025-10-04T15:00:00Z,1571.83
2025-10-04T16:00:00Z,1790.02
2025-10-04T17:00:00Z,1741.56
2025-10-04T18:00:00Z,1296.94
2025-10-04T19:00:00Z,175.57
2025-10-04T20:00:00Z,10.52
2025-10-04T21:00:00Z,172.81
2025-10-04T22:00:00Z,380.14
2025-10-04T23:00:00Z,3.91
2025-10-05T00:00:00Z,501.16
2025-10-05T01:00:00Z,267.47
2025-10-05T02:00:00Z,87.29
2025-10-05T03:00:00Z,49.91
2025-10-05T04:00:00Z,379.61
2025-10-05T05:00:00Z,786.2
2025-10-05T06:00:00Z,522.11
2025-10-05T07:00:00Z,607.64
2025-10-05T08:00:00Z,1876.82
2025-10-05T09:00:00Z,1836.37
2025-10-05T10:00:00Z,977.99
2025-10-05T11:00:00Z,1634.14
2025-10-05T12:00:00Z,1595.32
2025-10-05T13:00:00Z,726.58
2025-10-05T14:00:00Z,1228.22
2025-10-05T15:00:00Z,1167.7
2025-10-05T16:00:00Z,965.69
2025-10-05T17:00:00Z,364.48
2025-10-05T18:00:00Z,950.39
2025-10-05T19:00:00Z,438.89
2025-10-05T20:00:00Z,80.44
2025-10-05T21:00:00Z,112.04
2025-10-05T22:00:00Z,786.84
2025-10-05T23:00:00Z,322.47
2025-10-06T00:00:00Z,97.07
2025-10-06T01:00:00Z,1177.63
2025-10-06T02:00:00Z,677.55
2025-10-06T03:00:00Z,1137.58
2025-10-06T04:00:00Z,1210.44
2025-10-06T05:00:00Z,539.96
2025-10-06T06:00:00Z,299.12
2025-10-06T07:00:00Z,28.22
2025-10-06T08:00:00Z,3513.57
2025-10-06T09:00:00Z,4984.65
2025-10-06T10:00:00Z,4451.15
2025-10-06T11:00:00Z,2643.6
2025-10-06T12:00:00Z,3932.15
2025-10-06T13:00:00Z,3015.96
2025-10-06T14:00:00Z,2556.94
2025-10-06T15:00:00Z,3212.66
2025-10-06T16:00:00Z,3788.49
2025-10-06T17:00:00Z,1972.1
2025-10-06T18:00:00Z,3922.66
2025-10-06T19:00:00Z,681.82
2025-10-06T20:00:00Z,292.5
2025-10-06T21:00:00Z,479.56
2025-10-06T22:00:00Z,200.33
2025-10-06T23:00:00Z,67.56
2025-10-07T00:00:00Z,647.74
2025-10-07T01:00:00Z,339.66
2025-10-07T02:00:00Z,386.17
2025-10-07T03:00:00Z,605.17
2025-10-07T04:00:00Z,899.96
2025-10-07T05:00:00Z,348.31
2025-10-07T06:00:00Z,697.36
2025-10-07T07:00:00Z,102.08
2025-10-07T08:00:00Z,3740.06
2025-10-07T09:00:00Z,3311.89
2025-10-07T10:00:00Z,3992.9
2025-10-07T11:00:00Z,5563.8
2025-10-07T12:00:00Z,4927.88
2025-10-07T13:00:00Z,4174.24
2025-10-07T14:00:00Z,3842.9
2025-10-07T15:00:00Z,3742.83
2025-10-07T16:00:00Z,1813.96
2025-10-07T17:00:00Z,4355.7
2025-10-07T18:00:00Z,2476.94
2025-10-07T19:00:00Z,959.78
2025-10-07T20:00:00Z,1277.45
2025-10-07T21:00:00Z,211.85
2025-10-07T22:00:00Z,861.31
2025-10-07T23:00:00Z,26.54
2025-10-08T00:00:00Z,932.37
2025-10-08T01:00:00Z,1380.09
2025-10-08T02:00:00Z,969.59
2025-10-08T03:00:00Z,8.16
2025-10-08T04:00:00Z,740.45
2025-10-08T05:00:00Z,499.08
2025-10-08T06:00:00Z,85.68
2025-10-08T07:00:00Z,1241.01
2025-10-08T08:00:00Z,2649.65
2025-10-08T09:00:00Z,2352.0
2025-10-08T10:00:00Z,6536.26
2025-10-08T11:00:00Z,3902.24
2025-10-08T12:00:00Z,2142.73
2025-10-08T13:00:00Z,3601.74
2025-10-08T14:00:00Z,2761.38
2025-10-08T15:00:00Z,3125.72
2025-10-08T16:00:00Z,1940.12
2025-10-08T17:00:00Z,3262.69
2025-10-08T18:00:00Z,3565.63
2025-10-08T19:00:00Z,152.54
2025-10-08T20:00:00Z,525.64
2025-10-08T21:00:00Z,618.62
2025-10-08T22:00:00Z,312.99
2025-10-08T23:00:00Z,61.59
2025-10-09T00:00:00Z,397.21
2025-10-09T01:00:00Z,365.14
2025-10-09T02:00:00Z,464.23
2025-10-09T03:00:00Z,906.25
2025-10-09T04:00:00Z,303.27
2025-10-09T05:00:00Z,703.5
2025-10-09T06:00:00Z,1095.92
2025-10-09T07:00:00Z,697.95
2025-10-09T08:00:00Z,3378.76
2025-10-09T09:00:00Z,2644.33
2025-10-09T10:00:00Z,1629.11
2025-10-09T11:00:00Z,3398.49
2025-10-09T12:00:00Z,3930.99
2025-10-09T13:00:00Z,4358.59
2025-10-09T14:00:00Z,4771.0
2025-10-09T15:00:00Z,4812.83
2025-10-09T16:00:00Z,6295.61
2025-10-09T17:00:00Z,2534.34
2025-10-09T18:00:00Z,2603.34
2025-10-09T19:00:00Z,622.47
2025-10-09T20:00:00Z,16.32
2025-10-09T21:00:00Z,859.15
2025-10-09T22:00:00Z,760.52
2025-10-09T23:00:00Z,779.89
2025-10-10T00:00:00Z,1546.69
2025-10-10T01:00:00Z,121.63
2025-10-10T02:00:00Z,824.67
2025-10-10T03:00:00Z,582.47
2025-10-10T04:00:00Z,589.08
2025-10-10T05:00:00Z,20.97
2025-10-10T06:00:00Z,1234.55
2025-10-10T07:00:00Z,531.02
2025-10-10T08:00:00Z,4090.73
2025-10-10T09:00:00Z,3915.87
2025-10-10T10:00:00Z,1816.03
2025-10-10T11:00:00Z,4746.58
2025-10-10T12:00:00Z,3325.03
2025-10-10T13:00:00Z,3408.18
2025-10-10T14:00:00Z,2931.03
2025-10-10T15:00:00Z,3840.3
2025-10-10T16:00:00Z,3523.39
2025-10-10T17:00:00Z,4250.39
2025-10-10T18:00:00Z,3559.83
2025-10-10T19:00:00Z,326.42
2025-10-10T20:00:00Z,280.34
2025-10-10T21:00:00Z,1405.93
2025-10-10T22:00:00Z,750.99
2025-10-10T23:00:00Z,616.92
2025-10-11T00:00:00Z,19.83
2025-10-11T01:00:00Z,431.39
2025-10-11T02:00:00Z,279.28
2025-10-11T03:00:00Z,292.16
2025-10-11T04:00:00Z,402.21
2025-10-11T05:00:00Z,149.17
2025-10-11T06:00:00Z,27.67
2025-10-11T07:00:00Z,278.35
2025-10-11T08:00:00Z,765.75
2025-10-11T09:00:00Z,1219.11
2025-10-11T10:00:00Z,1100.41
2025-10-11T11:00:00Z,2912.39
2025-10-11T12:00:00Z,2675.35
2025-10-11T13:00:00Z,2165.16
2025-10-11T14:00:00Z,1346.64
2025-10-11T15:00:00Z,2289.19
2025-10-11T16:00:00Z,845.51
2025-10-11T17:00:00Z,970.11
2025-10-11T18:00:00Z,678.08
2025-10-11T19:00:00Z,10.83
2025-10-11T20:00:00Z,100.35
2025-10-11T21:00:00Z,3.09
2025-10-11T22:00:00Z,11.2
2025-10-11T23:00:00Z,267.54
2025-10-12T00:00:00Z,312.98
2025-10-12T01:00:00Z,72.22
2025-10-12T02:00:00Z,430.43
2025-10-12T03:00:00Z,1153.69
2025-10-12T04:00:00Z,706.2
2025-10-12T05:00:00Z,483.25
2025-10-12T06:00:00Z,256.18
2025-10-12T07:00:00Z,339.36
2025-10-12T08:00:00Z,617.66
2025-10-12T09:00:00Z,1516.07
2025-10-12T10:00:00Z,986.81
2025-10-12T11:00:00Z,1574.85
2025-10-12T12:00:00Z,2773.79
2025-10-12T13:00:00Z,1467.83
2025-10-12T14:00:00Z,3625.66
2025-10-12T15:00:00Z,1811.32
2025-10-12T16:00:00Z,939.8
2025-10-12T17:00:00Z,806.31
2025-10-12T18:00:00Z,2961.19
2025-10-12T19:00:00Z,83.8
2025-10-12T20:00:00Z,91.32
2025-10-12T21:00:00Z,8.14
2025-10-12T22:00:00Z,607.62
2025-10-12T23:00:00Z,63.71
2025-10-13T00:00:00Z,526.13
2025-10-13T01:00:00Z,719.86
2025-10-13T02:00:00Z,1451.86
2025-10-13T03:00:00Z,474.61
2025-10-13T04:00:00Z,803.83
2025-10-13T05:00:00Z,793.82
2025-10-13T06:00:00Z,424.29
2025-10-13T07:00:00Z,1431.94
2025-10-13T08:00:00Z,3312.42
2025-10-13T09:00:00Z,1532.15
2025-10-13T10:00:00Z,2227.54
2025-10-13T11:00:00Z,2041.66
2025-10-13T12:00:00Z,2898.12
2025-10-13T13:00:00Z,2180.59
2025-10-13T14:00:00Z,4517.69
2025-10-13T15:00:00Z,5027.33
2025-10-13T16:00:00Z,4052.54
2025-10-13T17:00:00Z,2290.3
2025-10-13T18:00:00Z,2945.09
2025-10-13T19:00:00Z,785.13
2025-10-13T20:00:00Z,485.36
2025-10-13T21:00:00Z,743.71
2025-10-13T22:00:00Z,2046.83
2025-10-13T23:00:00Z,1114.42
2025-10-14T00:00:00Z,605.44
2025-10-14T01:00:00Z,479.11
2025-10-14T02:00:00Z,829.22
2025-10-14T03:00:00Z,342.59
2025-10-14T04:00:00Z,120.4
2025-10-14T05:00:00Z,392.78
2025-10-14T06:00:00Z,325.1
2025-10-14T07:00:00Z,247.47
2025-10-14T08:00:00Z,2459.77
2025-10-14T09:00:00Z,3926.16
2025-10-14T10:00:00Z,1370.94
2025-10-14T11:00:00Z,3130.63
2025-10-14T12:00:00Z,2291.29
2025-10-14T13:00:00Z,2619.46
2025-10-14T14:00:00Z,3396.46
2025-10-14T15:00:00Z,2817.93
2025-10-14T16:00:00Z,3351.88
2025-10-14T17:00:00Z,1770.11
2025-10-14T18:00:00Z,2889.09
2025-10-14T19:00:00Z,402.43
2025-10-14T20:00:00Z,67.79
2025-10-14T21:00:00Z,107.8
2025-10-14T22:00:00Z,547.27
2025-10-14T23:00:00Z,730.81
2025-10-15T00:00:00Z,571.52
2025-10-15T01:00:00Z,362.23
2025-10-15T02:00:00Z,809.73
2025-10-15T03:00:00Z,217.82
2025-10-15T04:00:00Z,104.23
2025-10-15T05:00:00Z,627.97
2025-10-15T06:00:00Z,129.49
2025-10-15T07:00:00Z,153.19
2025-10-15T08:00:00Z,3946.26
2025-10-15T09:00:00Z,2444.97
2025-10-15T10:00:00Z,1737.06
2025-10-15T11:00:00Z,2963.18
2025-10-15T12:00:00Z,4290.47
2025-10-15T13:00:00Z,2540.86
2025-10-15T14:00:00Z,2985.59
2025-10-15T15:00:00Z,2922.77
2025-10-15T16:00:00Z,3304.28
2025-10-15T17:00:00Z,3794.23
2025-10-15T18:00:00Z,3615.25
2025-10-15T19:00:00Z,314.43
2025-10-15T20:00:00Z,585.15
2025-10-15T21:00:00Z,51.85
2025-10-15T22:00:00Z,428.4
2025-10-15T23:00:00Z,1329.15
2025-10-16T00:00:00Z,621.71
2025-10-16T01:00:00Z,1153.59
2025-10-16T02:00:00Z,114.7
2025-10-16T03:00:00Z,1150.62
2025-10-16T04:00:00Z,593.42
2025-10-16T05:00:00Z,1462.0
2025-10-16T06:00:00Z,1125.85
2025-10-16T07:00:00Z,969.99
2025-10-16T08:00:00Z,3059.62
2025-10-16T09:00:00Z,4492.17
2025-10-16T10:00:00Z,3173.98
2025-10-16T11:00:00Z,3312.08
2025-10-16T12:00:00Z,2332.98
2025-10-16T13:00:00Z,4234.25
2025-10-16T14:00:00Z,3340.15
2025-10-16T15:00:00Z,3091.31
2025-10-16T16:00:00Z,2542.46
2025-10-16T17:00:00Z,2980.91
2025-10-16T18:00:00Z,2117.36
2025-10-16T19:00:00Z,1199.02
2025-10-16T20:00:00Z,1361.61
2025-10-16T21:00:00Z,907.16
2025-10-16T22:00:00Z,464.48
2025-10-16T23:00:00Z,1025.01
2025-10-17T00:00:00Z,482.48
2025-10-17T01:00:00Z,500.33
2025-10-17T02:00:00Z,931.97
2025-10-17T03:00:00Z,413.71
2025-10-17T04:00:00Z,648.43
2025-10-17T05:00:00Z,1378.72
2025-10-17T06:00:00Z,231.24
2025-10-17T07:00:00Z,1436.65
2025-10-17T08:00:00Z,3011.16
2025-10-17T09:00:00Z,3915.23
2025-10-17T10:00:00Z,3372.65
2025-10-17T11:00:00Z,4103.97
2025-10-17T12:00:00Z,2651.47
2025-10-17T13:00:00Z,3754.32
2025-10-17T14:00:00Z,1600.04
2025-10-17T15:00:00Z,3704.24
2025-10-17T16:00:00Z,3620.89
2025-10-17T17:00:00Z,3653.29
2025-10-17T18:00:00Z,2912.33
2025-10-17T19:00:00Z,740.67
2025-10-17T20:00:00Z,1173.27
2025-10-17T21:00:00Z,737.82
2025-10-17T22:00:00Z,737.01
2025-10-17T23:00:00Z,357.31
2025-10-18T00:00:00Z,668.78
2025-10-18T01:00:00Z,69.52
2025-10-18T02:00:00Z,303.56
2025-10-18T03:00:00Z,443.35
2025-10-18T04:00:00Z,379.11
2025-10-18T05:00:00Z,126.74
2025-10-18T06:00:00Z,29.6
2025-10-18T07:00:00Z,338.22
2025-10-18T08:00:00Z,1470.39
2025-10-18T09:00:00Z,1156.24
2025-10-18T10:00:00Z,1174.65
2025-10-18T11:00:00Z,1343.16
2025-10-18T12:00:00Z,1753.24
2025-10-18T13:00:00Z,1616.74
2025-10-18T14:00:00Z,1846.3
2025-10-18T15:00:00Z,1924.19
2025-10-18T16:00:00Z,1396.25
2025-10-18T17:00:00Z,1748.73
2025-10-18T18:00:00Z,1198.27
2025-10-18T19:00:00Z,9.25
2025-10-18T20:00:00Z,252.4
2025-10-18T21:00:00Z,630.64
2025-10-18T22:00:00Z,336.52
2025-10-18T23:00:00Z,8.73
2025-10-19T00:00:00Z,54.61
2025-10-19T01:00:00Z,352.83
2025-10-19T02:00:00Z,4.86
2025-10-19T03:00:00Z,242.35
2025-10-19T04:00:00Z,102.55
2025-10-19T05:00:00Z,14.83
2025-10-19T06:00:00Z,56.14
2025-10-19T07:00:00Z,84.95
2025-10-19T08:00:00Z,1160.58
2025-10-19T09:00:00Z,1368.38
2025-10-19T10:00:00Z,1280.77
2025-10-19T11:00:00Z,1715.42
2025-10-19T12:00:00Z,395.42
2025-10-19T13:00:00Z,1062.41
2025-10-19T14:00:00Z,2358.5
2025-10-19T15:00:00Z,1697.91
2025-10-19T16:00:00Z,1006.32
2025-10-19T17:00:00Z,1795.77
2025-10-19T18:00:00Z,3100.19
2025-10-19T19:00:00Z,21.93
2025-10-19T20:00:00Z,125.01
2025-10-19T21:00:00Z,144.89
2025-10-19T22:00:00Z,1214.57
2025-10-19T23:00:00Z,868.21
2025-10-20T00:00:00Z,1130.86
2025-10-20T01:00:00Z,567.27
2025-10-20T02:00:00Z,731.57
2025-10-20T03:00:00Z,378.85
2025-10-20T04:00:00Z,942.75
2025-10-20T05:00:00Z,577.53
2025-10-20T06:00:00Z,223.09
2025-10-20T07:00:00Z,107.78
2025-10-20T08:00:00Z,2742.08
2025-10-20T09:00:00Z,1792.33
2025-10-20T10:00:00Z,4054.09
2025-10-20T11:00:00Z,3315.89
2025-10-20T12:00:00Z,3113.31
2025-10-20T13:00:00Z,2267.36
2025-10-20T14:00:00Z,4042.28
2025-10-20T15:00:00Z,4829.57
2025-10-20T16:00:00Z,3423.53
2025-10-20T17:00:00Z,2643.98
2025-10-20T18:00:00Z,2221.41
2025-10-20T19:00:00Z,760.08
2025-10-20T20:00:00Z,16.33
2025-10-20T21:00:00Z,81.97
2025-10-20T22:00:00Z,384.12
2025-10-20T23:00:00Z,814.37
2025-10-21T00:00:00Z,514.48
2025-10-21T01:00:00Z,208.01
2025-10-21T02:00:00Z,1273.16
2025-10-21T03:00:00Z,1261.7
2025-10-21T04:00:00Z,60.68
2025-10-21T05:00:00Z,776.66
2025-10-21T06:00:00Z,13.75
2025-10-21T07:00:00Z,494.91
2025-10-21T08:00:00Z,2741.83
2025-10-21T09:00:00Z,4034.81
2025-10-21T10:00:00Z,2366.71
2025-10-21T11:00:00Z,4188.95
2025-10-21T12:00:00Z,2830.06
2025-10-21T13:00:00Z,2652.65
2025-10-21T14:00:00Z,2823.48
2025-10-21T15:00:00Z,1889.32
2025-10-21T16:00:00Z,1678.79
2025-10-21T17:00:00Z,2619.28
2025-10-21T18:00:00Z,3082.35
2025-10-21T19:00:00Z,380.08
2025-10-21T20:00:00Z,876.28
2025-10-21T21:00:00Z,438.41
2025-10-21T22:00:00Z,1033.46
2025-10-21T23:00:00Z,501.62
2025-10-22T00:00:00Z,661.53
2025-10-22T01:00:00Z,958.65
2025-10-22T02:00:00Z,1346.84
2025-10-22T03:00:00Z,870.38
2025-10-22T04:00:00Z,1516.57
2025-10-22T05:00:00Z,1086.06
2025-10-22T06:00:00Z,196.34
2025-10-22T07:00:00Z,586.86
2025-10-22T08:00:00Z,3347.96
2025-10-22T09:00:00Z,2535.38
2025-10-22T10:00:00Z,3208.33
2025-10-22T11:00:00Z,5079.23
2025-10-22T12:00:00Z,3946.47
2025-10-22T13:00:00Z,2540.8
2025-10-22T14:00:00Z,4286.32
2025-10-22T15:00:00Z,2686.02
2025-10-22T16:00:00Z,1874.16
2025-10-22T17:00:00Z,2088.44
2025-10-22T18:00:00Z,2927.77
2025-10-22T19:00:00Z,699.09
2025-10-22T20:00:00Z,272.13
2025-10-22T21:00:00Z,912.88
2025-10-22T22:00:00Z,26.66
2025-10-22T23:00:00Z,905.93
2025-10-23T00:00:00Z,422.41
2025-10-23T01:00:00Z,1220.3
2025-10-23T02:00:00Z,636.77
2025-10-23T03:00:00Z,385.93
2025-10-23T04:00:00Z,458.37
2025-10-23T05:00:00Z,226.58
2025-10-23T06:00:00Z,917.06
2025-10-23T07:00:00Z,493.2
2025-10-23T08:00:00Z,2777.86
2025-10-23T09:00:00Z,3402.18
2025-10-23T10:00:00Z,4306.81
2025-10-23T11:00:00Z,3010.43
2025-10-23T12:00:00Z,1813.52
2025-10-23T13:00:00Z,2978.84
2025-10-23T14:00:00Z,2843.55
2025-10-23T15:00:00Z,1030.14
2025-10-23T16:00:00Z,3716.72
2025-10-23T17:00:00Z,3442.65
2025-10-23T18:00:00Z,2521.86
2025-10-23T19:00:00Z,474.98
2025-10-23T20:00:00Z,493.16
2025-10-23T21:00:00Z,266.94
2025-10-23T22:00:00Z,677.61
2025-10-23T23:00:00Z,176.52
2025-10-24T00:00:00Z,1225.1
2025-10-24T01:00:00Z,26.62
2025-10-24T02:00:00Z,240.93
2025-10-24T03:00:00Z,1075.08
2025-10-24T04:00:00Z,19.55
2025-10-24T05:00:00Z,768.48
2025-10-24T06:00:00Z,423.54
2025-10-24T07:00:00Z,667.61
2025-10-24T08:00:00Z,2723.1
2025-10-24T09:00:00Z,2340.88
2025-10-24T10:00:00Z,3956.79
2025-10-24T11:00:00Z,2654.02
2025-10-24T12:00:00Z,3846.29
2025-10-24T13:00:00Z,3904.77
2025-10-24T14:00:00Z,2460.1
2025-10-24T15:00:00Z,2448.29
2025-10-24T16:00:00Z,1697.22
2025-10-24T17:00:00Z,2198.06
2025-10-24T18:00:00Z,3532.3
2025-10-24T19:00:00Z,87.63
2025-10-24T20:00:00Z,1232.51
2025-10-24T21:00:00Z,686.46
2025-10-24T22:00:00Z,1220.54
2025-10-24T23:00:00Z,427.6
2025-10-25T00:00:00Z,534.56
2025-10-25T01:00:00Z,267.17
2025-10-25T02:00:00Z,268.85
2025-10-25T03:00:00Z,14.04
2025-10-25T04:00:00Z,15.65
2025-10-25T05:00:00Z,871.41
2025-10-25T06:00:00Z,187.73
2025-10-25T07:00:00Z,37.04
2025-10-25T08:00:00Z,1940.67
2025-10-25T09:00:00Z,2008.35
2025-10-25T10:00:00Z,1116.74
2025-10-25T11:00:00Z,1702.94
2025-10-25T12:00:00Z,1753.7
2025-10-25T13:00:00Z,1063.92
2025-10-25T14:00:00Z,2134.72
2025-10-25T15:00:00Z,896.41
2025-10-25T16:00:00Z,2504.82
2025-10-25T17:00:00Z,2326.85
2025-10-25T18:00:00Z,1334.47
2025-10-25T19:00:00Z,2.34
2025-10-25T20:00:00Z,380.12
2025-10-25T21:00:00Z,207.81
2025-10-25T22:00:00Z,391.08
2025-10-25T23:00:00Z,1064.23
2025-10-26T00:00:00Z,179.56
2025-10-26T01:00:00Z,169.45
2025-10-26T02:00:00Z,315.82
2025-10-26T03:00:00Z,357.95
2025-10-26T04:00:00Z,738.5
2025-10-26T05:00:00Z,648.95
2025-10-26T06:00:00Z,11.21
2025-10-26T07:00:00Z,20.58
2025-10-26T08:00:00Z,1584.37
2025-10-26T09:00:00Z,3387.84
2025-10-26T10:00:00Z,1241.88
2025-10-26T11:00:00Z,725.04
2025-10-26T12:00:00Z,617.57
2025-10-26T13:00:00Z,948.16
2025-10-26T14:00:00Z,1107.22
2025-10-26T15:00:00Z,1637.52
2025-10-26T16:00:00Z,1709.39
2025-10-26T17:00:00Z,1224.55
2025-10-26T18:00:00Z,2283.49
2025-10-26T19:00:00Z,6.57
2025-10-26T20:00:00Z,43.9
2025-10-26T21:00:00Z,626.49
2025-10-26T22:00:00Z,543.54
2025-10-26T23:00:00Z,437.84
2025-10-27T00:00:00Z,1403.3
2025-10-27T01:00:00Z,1086.67
2025-10-27T02:00:00Z,289.85
2025-10-27T03:00:00Z,755.74
2025-10-27T04:00:00Z,813.8
2025-10-27T05:00:00Z,219.0
2025-10-27T06:00:00Z,785.41
2025-10-27T07:00:00Z,867.79
2025-10-27T08:00:00Z,3096.68
2025-10-27T09:00:00Z,3844.44
2025-10-27T10:00:00Z,2099.33
2025-10-27T11:00:00Z,4128.27
2025-10-27T12:00:00Z,2361.67
2025-10-27T13:00:00Z,2164.39
2025-10-27T14:00:00Z,2407.65
2025-10-27T15:00:00Z,5906.85
2025-10-27T16:00:00Z,4190.04
2025-10-27T17:00:00Z,4109.93
2025-10-27T18:00:00Z,3417.88
2025-10-27T19:00:00Z,594.67
2025-10-27T20:00:00Z,1221.93
2025-10-27T21:00:00Z,281.05
2025-10-27T22:00:00Z,1508.37
2025-10-27T23:00:00Z,246.31
2025-10-28T00:00:00Z,290.14
2025-10-28T01:00:00Z,2046.08
2025-10-28T02:00:00Z,372.55
2025-10-28T03:00:00Z,931.12
2025-10-28T04:00:00Z,372.63
2025-10-28T05:00:00Z,678.62
2025-10-28T06:00:00Z,489.05
2025-10-28T07:00:00Z,631.23
2025-10-28T08:00:00Z,2911.34
2025-10-28T09:00:00Z,3045.22
2025-10-28T10:00:00Z,4210.22
2025-10-28T11:00:00Z,4416.71
2025-10-28T12:00:00Z,3092.35
2025-10-28T13:00:00Z,3317.22
2025-10-28T14:00:00Z,3576.89
2025-10-28T15:00:00Z,3362.08
2025-10-28T16:00:00Z,3552.64
2025-10-28T17:00:00Z,5894.2
2025-10-28T18:00:00Z,11905.5
2025-10-28T19:00:00Z,2585.34
2025-10-28T20:00:00Z,3651.44
2025-10-28T21:00:00Z,1353.7
2025-10-28T22:00:00Z,2457.25
2025-10-28T23:00:00Z,163.98
2025-10-29T00:00:00Z,324.62
2025-10-29T01:00:00Z,844.46
2025-10-29T02:00:00Z,951.39
2025-10-29T03:00:00Z,690.85
2025-10-29T04:00:00Z,1602.33
2025-10-29T05:00:00Z,481.7
2025-10-29T06:00:00Z,535.83
2025-10-29T07:00:00Z,561.32
2025-10-29T08:00:00Z,4219.87
2025-10-29T09:00:00Z,4980.75
2025-10-29T10:00:00Z,2543.06
2025-10-29T11:00:00Z,2972.69
2025-10-29T12:00:00Z,1654.28
2025-10-29T13:00:00Z,3924.03
2025-10-29T14:00:00Z,2816.12
2025-10-29T15:00:00Z,2998.26
2025-10-29T16:00:00Z,2986.4
2025-10-29T17:00:00Z,4041.92
2025-10-29T18:00:00Z,3089.04
2025-10-29T19:00:00Z,300.68
2025-10-29T20:00:00Z,851.45
2025-10-29T21:00:00Z,603.34
2025-10-29T22:00:00Z,1223.48
2025-10-29T23:00:00Z,263.86
2025-10-30T00:00:00Z,391.75
2025-10-30T01:00:00Z,415.08
2025-10-30T02:00:00Z,440.06
2025-10-30T03:00:00Z,285.25
2025-10-30T04:00:00Z,1249.03
2025-10-30T05:00:00Z,1272.13
2025-10-30T06:00:00Z,972.07
2025-10-30T07:00:00Z,1760.73
2025-10-30T08:00:00Z,3720.74
2025-10-30T09:00:00Z,4423.34
2025-10-30T10:00:00Z,2601.03
2025-10-30T11:00:00Z,5146.42
2025-10-30T12:00:00Z,3398.47
2025-10-30T13:00:00Z,3699.1
2025-10-30T14:00:00Z,1846.73
2025-10-30T15:00:00Z,4367.72
2025-10-30T16:00:00Z,2515.06
2025-10-30T17:00:00Z,2633.27
2025-10-30T18:00:00Z,4220.66
2025-10-30T19:00:00Z,446.77
2025-10-30T20:00:00Z,1653.79
2025-10-30T21:00:00Z,856.28
2025-10-30T22:00:00Z,21.52
2025-10-30T23:00:00Z,152.9
2025-10-31T00:00:00Z,420.93
2025-10-31T01:00:00Z,738.94
2025-10-31T02:00:00Z,1668.59
2025-10-31T03:00:00Z,700.06
2025-10-31T04:00:00Z,534.57
2025-10-31T05:00:00Z,1066.45
2025-10-31T06:00:00Z,1086.74
2025-10-31T07:00:00Z,357.64
2025-10-31T08:00:00Z,4102.64
2025-10-31T09:00:00Z,4072.76
2025-10-31T10:00:00Z,5435.06
2025-10-31T11:00:00Z,4203.9
2025-10-31T12:00:00Z,2850.28
2025-10-31T13:00:00Z,3616.18
2025-10-31T14:00:00Z,3285.7
2025-10-31T15:00:00Z,3755.04
2025-10-31T16:00:00Z,2912.01
2025-10-31T17:00:00Z,2433.99
2025-10-31T18:00:00Z,1136.97
2025-10-31T19:00:00Z,877.1
2025-10-31T20:00:00Z,1353.35
2025-10-31T21:00:00Z,720.8
2025-10-31T22:00:00Z,1484.48
2025-10-31T23:00:00Z,406.68
2025-11-01T00:00:00Z,319.21
2025-11-01T01:00:00Z,54.04
2025-11-01T02:00:00Z,50.02
2025-11-01T03:00:00Z,300.54
2025-11-01T04:00:00Z,363.3
2025-11-01T05:00:00Z,384.93
2025-11-01T06:00:00Z,81.22
2025-11-01T07:00:00Z,812.25
2025-11-01T08:00:00Z,1402.13
2025-11-01T09:00:00Z,1510.74
2025-11-01T10:00:00Z,1395.24
2025-11-01T11:00:00Z,1301.66
2025-11-01T12:00:00Z,1508.28
2025-11-01T13:00:00Z,659.69
2025-11-01T14:00:00Z,1437.85
2025-11-01T15:00:00Z,881.89
2025-11-01T16:00:00Z,1815.56
2025-11-01T17:00:00Z,1952.43
2025-11-01T18:00:00Z,1827.05
2025-11-01T19:00:00Z,162.96
2025-11-01T20:00:00Z,7.56
2025-11-01T21:00:00Z,57.54
2025-11-01T22:00:00Z,79.53
2025-11-01T23:00:00Z,11.96
2025-11-02T00:00:00Z,64.45
2025-11-02T01:00:00Z,19.53
2025-11-02T02:00:00Z,575.95
2025-11-02T03:00:00Z,275.48
2025-11-02T04:00:00Z,318.32
2025-11-02T05:00:00Z,328.77
2025-11-02T06:00:00Z,429.63
2025-11-02T07:00:00Z,407.03
2025-11-02T08:00:00Z,1094.55
2025-11-02T09:00:00Z,2401.12
2025-11-02T10:00:00Z,767.84
2025-11-02T11:00:00Z,1371.95
2025-11-02T12:00:00Z,1857.22
2025-11-02T13:00:00Z,2412.63
2025-11-02T14:00:00Z,3335.23
2025-11-02T15:00:00Z,1562.98
2025-11-02T16:00:00Z,1054.13
2025-11-02T17:00:00Z,1381.69
2025-11-02T18:00:00Z,1554.67
2025-11-02T19:00:00Z,66.07
2025-11-02T20:00:00Z,583.34
2025-11-02T21:00:00Z,368.59
2025-11-02T22:00:00Z,158.54
2025-11-02T23:00:00Z,394.85
2025-11-03T00:00:00Z,1859.68
2025-11-03T01:00:00Z,2207.77
2025-11-03T02:00:00Z,1572.13
2025-11-03T03:00:00Z,1856.73
2025-11-03T04:00:00Z,2019.22
2025-11-03T05:00:00Z,2464.26
2025-11-03T06:00:00Z,1966.5
2025-11-03T07:00:00Z,2154.67
2025-11-03T08:00:00Z,3189.52
2025-11-03T09:00:00Z,3664.18
2025-11-03T10:00:00Z,3271.72
2025-11-03T11:00:00Z,2715.04
2025-11-03T12:00:00Z,2495.43
2025-11-03T13:00:00Z,2296.9
2025-11-03T14:00:00Z,3319.17
2025-11-03T15:00:00Z,3613.97
2025-11-03T16:00:00Z,1892.39
2025-11-03T17:00:00Z,2487.26
2025-11-03T18:00:00Z,5168.61
2025-11-03T19:00:00Z,714.38
2025-11-03T20:00:00Z,628.26
2025-11-03T21:00:00Z,851.79
2025-11-03T22:00:00Z,2104.82
2025-11-03T23:00:00Z,541.52
2025-11-04T00:00:00Z,408.04
2025-11-04T01:00:00Z,491.78
2025-11-04T02:00:00Z,399.01
2025-11-04T03:00:00Z,148.81
2025-11-04T04:00:00Z,1069.13
2025-11-04T05:00:00Z,495.13
2025-11-04T06:00:00Z,631.18
2025-11-04T07:00:00Z,595.65
2025-11-04T08:00:00Z,3887.8
2025-11-04T09:00:00Z,2523.9
2025-11-04T10:00:00Z,1908.04
2025-11-04T11:00:00Z,2855.2
2025-11-04T12:00:00Z,4226.22
2025-11-04T13:00:00Z,5305.4
2025-11-04T14:00:00Z,3012.37
2025-11-04T15:00:00Z,1608.68
2025-11-04T16:00:00Z,4155.3
2025-11-04T17:00:00Z,3782.15
2025-11-04T18:00:00Z,2171.98
2025-11-04T19:00:00Z,172.44
2025-11-04T20:00:00Z,1219.15
2025-11-04T21:00:00Z,413.28
2025-11-04T22:00:00Z,657.52
2025-11-04T23:00:00Z,782.8
2025-11-05T00:00:00Z,48.86
2025-11-05T01:00:00Z,840.32
2025-11-05T02:00:00Z,479.43
2025-11-05T03:00:00Z,144.89
2025-11-05T04:00:00Z,1046.39
2025-11-05T05:00:00Z,638.9
2025-11-05T06:00:00Z,718.38
2025-11-05T07:00:00Z,1024.21
2025-11-05T08:00:00Z,1528.22
2025-11-05T09:00:00Z,2642.02
2025-11-05T10:00:00Z,4716.72
2025-11-05T11:00:00Z,2600.32
2025-11-05T12:00:00Z,3641.29
2025-11-05T13:00:00Z,3896.2
2025-11-05T14:00:00Z,1859.73
2025-11-05T15:00:00Z,2893.52
2025-11-05T16:00:00Z,1144.92
2025-11-05T17:00:00Z,2710.69
2025-11-05T18:00:00Z,2972.27
2025-11-05T19:00:00Z,1194.55
2025-11-05T20:00:00Z,1649.84
2025-11-05T21:00:00Z,1106.37
2025-11-05T22:00:00Z,796.02
2025-11-05T23:00:00Z,47.67
2025-11-06T00:00:00Z,583.57
2025-11-06T01:00:00Z,875.3
2025-11-06T02:00:00Z,564.96
2025-11-06T03:00:00Z,177.73
2025-11-06T04:00:00Z,68.76
2025-11-06T05:00:00Z,587.26
2025-11-06T06:00:00Z,132.28
2025-11-06T07:00:00Z,1362.92
2025-11-06T08:00:00Z,4055.48
2025-11-06T09:00:00Z,3430.29
2025-11-06T10:00:00Z,5039.35
2025-11-06T11:00:00Z,3330.61
2025-11-06T12:00:00Z,4600.14
2025-11-06T13:00:00Z,2027.32
2025-11-06T14:00:00Z,998.48
2025-11-06T15:00:00Z,1593.99
2025-11-06T16:00:00Z,3069.54
2025-11-06T17:00:00Z,3684.75
2025-11-06T18:00:00Z,3387.92
2025-11-06T19:00:00Z,383.83
2025-11-06T20:00:00Z,402.02
2025-11-06T21:00:00Z,392.2
2025-11-06T22:00:00Z,120.94
2025-11-06T23:00:00Z,415.14
2025-11-07T00:00:00Z,1525.28
2025-11-07T01:00:00Z,1282.13
2025-11-07T02:00:00Z,1007.91
2025-11-07T03:00:00Z,1401.24
2025-11-07T04:00:00Z,83.98
2025-11-07T05:00:00Z,1265.36
2025-11-07T06:00:00Z,225.81
2025-11-07T07:00:00Z,787.72
2025-11-07T08:00:00Z,3311.27
2025-11-07T09:00:00Z,2865.7
2025-11-07T10:00:00Z,3049.49
2025-11-07T11:00:00Z,2682.54
2025-11-07T12:00:00Z,3231.59
2025-11-07T13:00:00Z,2384.5
2025-11-07T14:00:00Z,3773.17
2025-11-07T15:00:00Z,3060.88
2025-11-07T16:00:00Z,1274.97
2025-11-07T17:00:00Z,1864.47
2025-11-07T18:00:00Z,1408.59
2025-11-07T19:00:00Z,59.69
2025-11-07T20:00:00Z,601.58
2025-11-07T21:00:00Z,92.55
2025-11-07T22:00:00Z,482.23
2025-11-07T23:00:00Z,25.26
2025-11-08T00:00:00Z,770.66
2025-11-08T01:00:00Z,9.64
2025-11-08T02:00:00Z,413.09
2025-11-08T03:00:00Z,71.48
2025-11-08T04:00:00Z,321.37
2025-11-08T05:00:00Z,485.56
2025-11-08T06:00:00Z,269.43
2025-11-08T07:00:00Z,458.06
2025-11-08T08:00:00Z,1316.36
2025-11-08T09:00:00Z,1785.11
2025-11-08T10:00:00Z,1783.0
2025-11-08T11:00:00Z,1846.31
2025-11-08T12:00:00Z,1886.83
2025-11-08T13:00:00Z,1175.29
2025-11-08T14:00:00Z,2144.09
2025-11-08T15:00:00Z,1518.37
2025-11-08T16:00:00Z,1569.41
2025-11-08T17:00:00Z,2228.36
2025-11-08T18:00:00Z,1702.3
2025-11-08T19:00:00Z,173.63
2025-11-08T20:00:00Z,685.14
2025-11-08T21:00:00Z,52.71
2025-11-08T22:00:00Z,841.7
2025-11-08T23:00:00Z,60.8
2025-11-09T00:00:00Z,244.4
2025-11-09T01:00:00Z,55.9
2025-11-09T02:00:00Z,873.03
2025-11-09T03:00:00Z,51.59
2025-11-09T04:00:00Z,177.61
2025-11-09T05:00:00Z,376.7
2025-11-09T06:00:00Z,759.99
2025-11-09T07:00:00Z,156.68
2025-11-09T08:00:00Z,2433.11
2025-11-09T09:00:00Z,1709.5
2025-11-09T10:00:00Z,436.68
2025-11-09T11:00:00Z,2537.7
2025-11-09T12:00:00Z,637.29
2025-11-09T13:00:00Z,409.17
2025-11-09T14:00:00Z,1019.23
2025-11-09T15:00:00Z,1812.68
2025-11-09T16:00:00Z,1709.31
2025-11-09T17:00:00Z,2231.02
2025-11-09T18:00:00Z,1109.06
2025-11-09T19:00:00Z,15.05
2025-11-09T20:00:00Z,14.8
2025-11-09T21:00:00Z,69.55
2025-11-09T22:00:00Z,442.69
2025-11-09T23:00:00Z,402.46
2025-11-10T00:00:00Z,683.33
2025-11-10T01:00:00Z,358.25
2025-11-10T02:00:00Z,573.51
2025-11-10T03:00:00Z,207.54
2025-11-10T04:00:00Z,848.92
2025-11-10T05:00:00Z,555.7
2025-11-10T06:00:00Z,8.78
2025-11-10T07:00:00Z,1040.41
2025-11-10T08:00:00Z,4300.92
2025-11-10T09:00:00Z,2749.29
2025-11-10T10:00:00Z,4689.91
2025-11-10T11:00:00Z,3235.7
2025-11-10T12:00:00Z,3188.38
2025-11-10T13:00:00Z,2661.37
2025-11-10T14:00:00Z,4307.56
2025-11-10T15:00:00Z,3875.22
2025-11-10T16:00:00Z,3090.1
2025-11-10T17:00:00Z,2078.6
2025-11-10T18:00:00Z,3387.92
2025-11-10T19:00:00Z,687.4
2025-11-10T20:00:00Z,209.34
2025-11-10T21:00:00Z,563.96
2025-11-10T22:00:00Z,731.93
2025-11-10T23:00:00Z,319.5
2025-11-11T00:00:00Z,668.18
2025-11-11T01:00:00Z,362.03
2025-11-11T02:00:00Z,610.95
2025-11-11T03:00:00Z,427.67
2025-11-11T04:00:00Z,754.12
2025-11-11T05:00:00Z,562.18
2025-11-11T06:00:00Z,646.92
2025-11-11T07:00:00Z,1281.05
2025-11-11T08:00:00Z,2966.08
2025-11-11T09:00:00Z,3008.08
2025-11-11T10:00:00Z,2864.53
2025-11-11T11:00:00Z,3961.83
2025-11-11T12:00:00Z,3301.87
2025-11-11T13:00:00Z,3398.68
2025-11-11T14:00:00Z,3380.82
2025-11-11T15:00:00Z,6849.82
2025-11-11T16:00:00Z,3814.22
2025-11-11T17:00:00Z,3290.36
2025-11-11T18:00:00Z,3108.01
2025-11-11T19:00:00Z,448.31
2025-11-11T20:00:00Z,779.2
2025-11-11T21:00:00Z,830.85
2025-11-11T22:00:00Z,722.74
2025-11-11T23:00:00Z,829.96
2025-11-12T00:00:00Z,84.3
2025-11-12T01:00:00Z,38.11
2025-11-12T02:00:00Z,713.45
2025-11-12T03:00:00Z,647.92
2025-11-12T04:00:00Z,390.21
2025-11-12T05:00:00Z,164.64
2025-11-12T06:00:00Z,104.47
2025-11-12T07:00:00Z,357.36
2025-11-12T08:00:00Z,4671.67
2025-11-12T09:00:00Z,4015.27
2025-11-12T10:00:00Z,3508.26
2025-11-12T11:00:00Z,2363.63
2025-11-12T12:00:00Z,2877.98
2025-11-12T13:00:00Z,4390.81
2025-11-12T14:00:00Z,3542.06
2025-11-12T15:00:00Z,2243.78
2025-11-12T16:00:00Z,1520.01
2025-11-12T17:00:00Z,2374.95
2025-11-12T18:00:00Z,4067.09
2025-11-12T19:00:00Z,356.06
2025-11-12T20:00:00Z,945.81
2025-11-12T21:00:00Z,760.49
2025-11-12T22:00:00Z,665.91
2025-11-12T23:00:00Z,1033.35
2025-11-13T00:00:00Z,1109.33
2025-11-13T01:00:00Z,377.61
2025-11-13T02:00:00Z,912.72
2025-11-13T03:00:00Z,1364.66
2025-11-13T04:00:00Z,890.88
2025-11-13T05:00:00Z,1129.69
2025-11-13T06:00:00Z,661.62
2025-11-13T07:00:00Z,971.14
2025-11-13T08:00:00Z,2963.82
2025-11-13T09:00:00Z,4128.12
2025-11-13T10:00:00Z,4051.78
2025-11-13T11:00:00Z,3896.68
2025-11-13T12:00:00Z,1822.78
2025-11-13T13:00:00Z,3136.28
2025-11-13T14:00:00Z,3337.52
2025-11-13T15:00:00Z,4542.06
2025-11-13T16:00:00Z,2435.08
2025-11-13T17:00:00Z,2900.5
2025-11-13T18:00:00Z,4193.39
2025-11-13T19:00:00Z,807.95
2025-11-13T20:00:00Z,1107.87
2025-11-13T21:00:00Z,26.49
2025-11-13T22:00:00Z,561.97
2025-11-13T23:00:00Z,479.47
2025-11-14T00:00:00Z,1586.4
2025-11-14T01:00:00Z,134.38
2025-11-14T02:00:00Z,699.5
2025-11-14T03:00:00Z,0.0
2025-11-14T04:00:00Z,1072.31
2025-11-14T05:00:00Z,1147.37
2025-11-14T06:00:00Z,837.51
2025-11-14T07:00:00Z,428.35
2025-11-14T08:00:00Z,2169.28
2025-11-14T09:00:00Z,3161.29
2025-11-14T10:00:00Z,2578.92
2025-11-14T11:00:00Z,5200.24
2025-11-14T12:00:00Z,2434.59
2025-11-14T13:00:00Z,2323.19
2025-11-14T14:00:00Z,2944.1
2025-11-14T15:00:00Z,3874.45
2025-11-14T16:00:00Z,3009.87
2025-11-14T17:00:00Z,4496.8
2025-11-14T18:00:00Z,4871.79
2025-11-14T19:00:00Z,131.07
2025-11-14T20:00:00Z,177.36
2025-11-14T21:00:00Z,640.21
2025-11-14T22:00:00Z,1490.47
2025-11-14T23:00:00Z,464.06
2025-11-15T00:00:00Z,37.71
2025-11-15T01:00:00Z,402.96
2025-11-15T02:00:00Z,448.83
2025-11-15T03:00:00Z,317.57
2025-11-15T04:00:00Z,40.38
2025-11-15T05:00:00Z,362.76
2025-11-15T06:00:00Z,70.1
2025-11-15T07:00:00Z,2.76
2025-11-15T08:00:00Z,641.55
2025-11-15T09:00:00Z,1713.01
2025-11-15T10:00:00Z,861.69
2025-11-15T11:00:00Z,1115.63
2025-11-15T12:00:00Z,1621.2
2025-11-15T13:00:00Z,1778.67
2025-11-15T14:00:00Z,1025.75
2025-11-15T15:00:00Z,2033.04
2025-11-15T16:00:00Z,1277.3
2025-11-15T17:00:00Z,812.74
2025-11-15T18:00:00Z,2736.65
2025-11-15T19:00:00Z,679.42
2025-11-15T20:00:00Z,191.52
2025-11-15T21:00:00Z,17.13
2025-11-15T22:00:00Z,125.29
2025-11-15T23:00:00Z,302.46
2025-11-16T00:00:00Z,456.55
2025-11-16T01:00:00Z,329.65
2025-11-16T02:00:00Z,789.37
2025-11-16T03:00:00Z,327.18
2025-11-16T04:00:00Z,52.81
2025-11-16T05:00:00Z,64.93
2025-11-16T06:00:00Z,520.28
2025-11-16T07:00:00Z,413.68
2025-11-16T08:00:00Z,1103.84
2025-11-16T09:00:00Z,1171.89
2025-11-16T10:00:00Z,748.14
2025-11-16T11:00:00Z,2123.71
2025-11-16T12:00:00Z,2177.41
2025-11-16T13:00:00Z,1963.43
2025-11-16T14:00:00Z,1822.23
2025-11-16T15:00:00Z,1183.38
2025-11-16T16:00:00Z,1063.05
2025-11-16T17:00:00Z,2300.69
2025-11-16T18:00:00Z,1497.19
2025-11-16T19:00:00Z,10.39
2025-11-16T20:00:00Z,334.17
2025-11-16T21:00:00Z,0.0
2025-11-16T22:00:00Z,195.38
2025-11-16T23:00:00Z,623.01
2025-11-17T00:00:00Z,645.48
2025-11-17T01:00:00Z,580.6
2025-11-17T02:00:00Z,120.07
2025-11-17T03:00:00Z,686.9
2025-11-17T04:00:00Z,1328.34
2025-11-17T05:00:00Z,653.99
2025-11-17T06:00:00Z,389.69
2025-11-17T07:00:00Z,1781.31
2025-11-17T08:00:00Z,1177.19
2025-11-17T09:00:00Z,2833.66
2025-11-17T10:00:00Z,2615.58
2025-11-17T11:00:00Z,3081.72
2025-11-17T12:00:00Z,3337.81
2025-11-17T13:00:00Z,3442.27
2025-11-17T14:00:00Z,5387.83
2025-11-17T15:00:00Z,2073.85
2025-11-17T16:00:00Z,3970.8
2025-11-17T17:00:00Z,2584.1
2025-11-17T18:00:00Z,4406.94
2025-11-17T19:00:00Z,75.46
2025-11-17T20:00:00Z,171.37
2025-11-17T21:00:00Z,745.98
2025-11-17T22:00:00Z,64.31
2025-11-17T23:00:00Z,539.71
2025-11-18T00:00:00Z,123.71
2025-11-18T01:00:00Z,615.74
2025-11-18T02:00:00Z,1213.95
2025-11-18T03:00:00Z,184.86
2025-11-18T04:00:00Z,829.52
2025-11-18T05:00:00Z,97.52
2025-11-18T06:00:00Z,1068.79
2025-11-18T07:00:00Z,172.97
2025-11-18T08:00:00Z,2637.8
2025-11-18T09:00:00Z,4014.44
2025-11-18T10:00:00Z,2524.18
2025-11-18T11:00:00Z,2555.17
2025-11-18T12:00:00Z,2694.68
2025-11-18T13:00:00Z,3196.29
2025-11-18T14:00:00Z,3878.75
2025-11-18T15:00:00Z,4197.57
2025-11-18T16:00:00Z,3295.08
2025-11-18T17:00:00Z,3181.04
2025-11-18T18:00:00Z,4564.17
2025-11-18T19:00:00Z,1200.13
2025-11-18T20:00:00Z,805.97
2025-11-18T21:00:00Z,20.54
2025-11-18T22:00:00Z,63.34
2025-11-18T23:00:00Z,1135.28
2025-11-19T00:00:00Z,514.12
2025-11-19T01:00:00Z,118.29
2025-11-19T02:00:00Z,258.24
2025-11-19T03:00:00Z,1277.14
2025-11-19T04:00:00Z,524.3
2025-11-19T05:00:00Z,103.89
2025-11-19T06:00:00Z,1021.91
2025-11-19T07:00:00Z,30.09
2025-11-19T08:00:00Z,4065.18
2025-11-19T09:00:00Z,3617.84
2025-11-19T10:00:00Z,3752.09
2025-11-19T11:00:00Z,1557.34
2025-11-19T12:00:00Z,2921.78
2025-11-19T13:00:00Z,2907.72
2025-11-19T14:00:00Z,2142.2
2025-11-19T15:00:00Z,3154.25
2025-11-19T16:00:00Z,2543.86
2025-11-19T17:00:00Z,3141.88
2025-11-19T18:00:00Z,4687.66
2025-11-19T19:00:00Z,130.5
2025-11-19T20:00:00Z,1273.89
2025-11-19T21:00:00Z,958.28
2025-11-19T22:00:00Z,418.05
2025-11-19T23:00:00Z,432.08
2025-11-20T00:00:00Z,307.16
2025-11-20T01:00:00Z,160.38
2025-11-20T02:00:00Z,166.55
2025-11-20T03:00:00Z,381.43
2025-11-20T04:00:00Z,407.33
2025-11-20T05:00:00Z,777.8
2025-11-20T06:00:00Z,111.69
2025-11-20T07:00:00Z,19.04
2025-11-20T08:00:00Z,4264.75
2025-11-20T09:00:00Z,2722.44
2025-11-20T10:00:00Z,1855.27
2025-11-20T11:00:00Z,3412.75
2025-11-20T12:00:00Z,3572.43
2025-11-20T13:00:00Z,3552.98
2025-11-20T14:00:00Z,4188.93
2025-11-20T15:00:00Z,2742.19
2025-11-20T16:00:00Z,4937.88
2025-11-20T17:00:00Z,2080.2
2025-11-20T18:00:00Z,2171.79
2025-11-20T19:00:00Z,359.11
2025-11-20T20:00:00Z,1378.79
2025-11-20T21:00:00Z,605.86
2025-11-20T22:00:00Z,67.81
2025-11-20T23:00:00Z,1010.39
2025-11-21T00:00:00Z,720.52
2025-11-21T01:00:00Z,605.4
2025-11-21T02:00:00Z,170.02
2025-11-21T03:00:00Z,419.8
2025-11-21T04:00:00Z,721.65
2025-11-21T05:00:00Z,159.15
2025-11-21T06:00:00Z,912.97
2025-11-21T07:00:00Z,1036.86
2025-11-21T08:00:00Z,2672.63
2025-11-21T09:00:00Z,3510.92
2025-11-21T10:00:00Z,3475.93
2025-11-21T11:00:00Z,1528.62
2025-11-21T12:00:00Z,4458.14
2025-11-21T13:00:00Z,5409.95
2025-11-21T14:00:00Z,3990.84
2025-11-21T15:00:00Z,2538.28
2025-11-21T16:00:00Z,3238.62
2025-11-21T17:00:00Z,2105.6
2025-11-21T18:00:00Z,2946.86
2025-11-21T19:00:00Z,1437.25
2025-11-21T20:00:00Z,191.02
2025-11-21T21:00:00Z,637.34
2025-11-21T22:00:00Z,176.86
2025-11-21T23:00:00Z,4.97
2025-11-22T00:00:00Z,10.38
2025-11-22T01:00:00Z,546.66
2025-11-22T02:00:00Z,524.68
2025-11-22T03:00:00Z,437.39
2025-11-22T04:00:00Z,322.42
2025-11-22T05:00:00Z,512.17
2025-11-22T06:00:00Z,718.76
2025-11-22T07:00:00Z,1238.49
2025-11-22T08:00:00Z,1618.38
2025-11-22T09:00:00Z,1474.4
2025-11-22T10:00:00Z,2231.77
2025-11-22T11:00:00Z,695.26
2025-11-22T12:00:00Z,1795.81
2025-11-22T13:00:00Z,992.74
2025-11-22T14:00:00Z,1134.67
2025-11-22T15:00:00Z,888.69
2025-11-22T16:00:00Z,1792.19
2025-11-22T17:00:00Z,1402.18
2025-11-22T18:00:00Z,2527.83
2025-11-22T19:00:00Z,45.03
2025-11-22T20:00:00Z,410.21
2025-11-22T21:00:00Z,826.61
2025-11-22T22:00:00Z,11.96
2025-11-22T23:00:00Z,73.74
2025-11-23T00:00:00Z,342.16
2025-11-23T01:00:00Z,41.32
2025-11-23T02:00:00Z,10.86
2025-11-23T03:00:00Z,142.18
2025-11-23T04:00:00Z,1101.93
2025-11-23T05:00:00Z,279.09
2025-11-23T06:00:00Z,756.16
2025-11-23T07:00:00Z,64.11
2025-11-23T08:00:00Z,1562.34
2025-11-23T09:00:00Z,1652.22
2025-11-23T10:00:00Z,891.94
2025-11-23T11:00:00Z,1444.06
2025-11-23T12:00:00Z,2260.11
2025-11-23T13:00:00Z,2011.54
2025-11-23T14:00:00Z,397.73
2025-11-23T15:00:00Z,1137.18
2025-11-23T16:00:00Z,1551.68
2025-11-23T17:00:00Z,2041.07
2025-11-23T18:00:00Z,1038.53
2025-11-23T19:00:00Z,11.96
2025-11-23T20:00:00Z,106.66
2025-11-23T21:00:00Z,124.62
2025-11-23T22:00:00Z,90.88
2025-11-23T23:00:00Z,473.68
2025-11-24T00:00:00Z,788.58
2025-11-24T01:00:00Z,888.17
2025-11-24T02:00:00Z,1202.91
2025-11-24T03:00:00Z,1090.61
2025-11-24T04:00:00Z,180.62
2025-11-24T05:00:00Z,545.77
2025-11-24T06:00:00Z,441.93
2025-11-24T07:00:00Z,91.46
2025-11-24T08:00:00Z,4207.71
2025-11-24T09:00:00Z,2244.48
2025-11-24T10:00:00Z,2389.12
2025-11-24T11:00:00Z,5040.55
2025-11-24T12:00:00Z,2784.52
2025-11-24T13:00:00Z,1719.03
2025-11-24T14:00:00Z,2287.66
2025-11-24T15:00:00Z,3537.62
2025-11-24T16:00:00Z,2506.34
2025-11-24T17:00:00Z,4480.72
2025-11-24T18:00:00Z,2627.55
2025-11-24T19:00:00Z,574.44
2025-11-24T20:00:00Z,547.21
2025-11-24T21:00:00Z,145.18
2025-11-24T22:00:00Z,1067.59
2025-11-24T23:00:00Z,1098.73
2025-11-25T00:00:00Z,1079.29
2025-11-25T01:00:00Z,461.21
2025-11-25T02:00:00Z,1185.61
2025-11-25T03:00:00Z,144.71
2025-11-25T04:00:00Z,338.15
2025-11-25T05:00:00Z,1096.88
2025-11-25T06:00:00Z,121.72
2025-11-25T07:00:00Z,733.28
2025-11-25T08:00:00Z,2442.39
2025-11-25T09:00:00Z,2138.97
2025-11-25T10:00:00Z,3625.26
2025-11-25T11:00:00Z,4300.26
2025-11-25T12:00:00Z,2205.06
2025-11-25T13:00:00Z,1695.79
2025-11-25T14:00:00Z,4195.5
2025-11-25T15:00:00Z,3035.79
2025-11-25T16:00:00Z,4180.22
2025-11-25T17:00:00Z,3174.04
2025-11-25T18:00:00Z,5065.01
2025-11-25T19:00:00Z,457.27
2025-11-25T20:00:00Z,323.64
2025-11-25T21:00:00Z,749.7
2025-11-25T22:00:00Z,469.1
2025-11-25T23:00:00Z,698.61
2025-11-26T00:00:00Z,1081.51
2025-11-26T01:00:00Z,179.48
2025-11-26T02:00:00Z,699.41
2025-11-26T03:00:00Z,506.14
2025-11-26T04:00:00Z,409.09
2025-11-26T05:00:00Z,461.37
2025-11-26T06:00:00Z,849.5
2025-11-26T07:00:00Z,426.26
2025-11-26T08:00:00Z,2040.57
2025-11-26T09:00:00Z,2124.73
2025-11-26T10:00:00Z,1074.32
2025-11-26T11:00:00Z,4537.36
2025-11-26T12:00:00Z,3549.79
2025-11-26T13:00:00Z,2173.11
2025-11-26T14:00:00Z,2287.16
2025-11-26T15:00:00Z,4070.45
2025-11-26T16:00:00Z,2492.08
2025-11-26T17:00:00Z,3248.33
2025-11-26T18:00:00Z,3060.43
2025-11-26T19:00:00Z,282.24
2025-11-26T20:00:00Z,1049.26
2025-11-26T21:00:00Z,560.1
2025-11-26T22:00:00Z,394.39
2025-11-26T23:00:00Z,675.67
2025-11-27T00:00:00Z,329.79
2025-11-27T01:00:00Z,1133.83
2025-11-27T02:00:00Z,284.11
2025-11-27T03:00:00Z,732.21
2025-11-27T04:00:00Z,328.9
2025-11-27T05:00:00Z,586.04
2025-11-27T06:00:00Z,115.11
2025-11-27T07:00:00Z,769.71
2025-11-27T08:00:00Z,2270.16
2025-11-27T09:00:00Z,2854.22
2025-11-27T10:00:00Z,3240.25
2025-11-27T11:00:00Z,5062.39
2025-11-27T12:00:00Z,2422.37
2025-11-27T13:00:00Z,4211.49
2025-11-27T14:00:00Z,3100.38
2025-11-27T15:00:00Z,4488.78
2025-11-27T16:00:00Z,3167.81
2025-11-27T17:00:00Z,4219.51
2025-11-27T18:00:00Z,4789.93
2025-11-27T19:00:00Z,829.53
2025-11-27T20:00:00Z,704.0
2025-11-27T21:00:00Z,469.84
2025-11-27T22:00:00Z,516.87
2025-11-27T23:00:00Z,488.14
2025-11-28T00:00:00Z,591.15
2025-11-28T01:00:00Z,409.46
2025-11-28T02:00:00Z,1039.86
2025-11-28T03:00:00Z,881.61
2025-11-28T04:00:00Z,919.17
2025-11-28T05:00:00Z,872.89
2025-11-28T06:00:00Z,87.88
2025-11-28T07:00:00Z,691.42
2025-11-28T08:00:00Z,2061.13
2025-11-28T09:00:00Z,2789.1
2025-11-28T10:00:00Z,6504.2
2025-11-28T11:00:00Z,4234.65
2025-11-28T12:00:00Z,4393.2
2025-11-28T13:00:00Z,3577.23
2025-11-28T14:00:00Z,1759.19
2025-11-28T15:00:00Z,2875.49
2025-11-28T16:00:00Z,5179.04
2025-11-28T17:00:00Z,5357.82
2025-11-28T18:00:00Z,3534.51
2025-11-28T19:00:00Z,1928.89
2025-11-28T20:00:00Z,452.24
2025-11-28T21:00:00Z,622.56
2025-11-28T22:00:00Z,1026.66
2025-11-28T23:00:00Z,511.09
2025-11-29T00:00:00Z,103.43
2025-11-29T01:00:00Z,812.35
2025-11-29T02:00:00Z,425.38
2025-11-29T03:00:00Z,40.75
2025-11-29T04:00:00Z,53.65
2025-11-29T05:00:00Z,7.26
2025-11-29T06:00:00Z,102.48
2025-11-29T07:00:00Z,702.35
2025-11-29T08:00:00Z,1888.36
2025-11-29T09:00:00Z,1321.33
2025-11-29T10:00:00Z,2338.98
2025-11-29T11:00:00Z,1008.54
2025-11-29T12:00:00Z,432.33
2025-11-29T13:00:00Z,1603.67
2025-11-29T14:00:00Z,934.6
2025-11-29T15:00:00Z,2929.41
2025-11-29T16:00:00Z,706.93
2025-11-29T17:00:00Z,1187.85
2025-11-29T18:00:00Z,1278.44
2025-11-29T19:00:00Z,139.24
2025-11-29T20:00:00Z,491.19
2025-11-29T21:00:00Z,34.97
2025-11-29T22:00:00Z,13.3
2025-11-29T23:00:00Z,66.54
2025-11-30T00:00:00Z,1258.86
2025-11-30T01:00:00Z,22.52
2025-11-30T02:00:00Z,9.33
2025-11-30T03:00:00Z,572.88
2025-11-30T04:00:00Z,458.98
2025-11-30T05:00:00Z,14.99
2025-11-30T06:00:00Z,63.74
2025-11-30T07:00:00Z,539.68
2025-11-30T08:00:00Z,2761.86
2025-11-30T09:00:00Z,2039.36
2025-11-30T10:00:00Z,888.83
2025-11-30T11:00:00Z,1677.64
2025-11-30T12:00:00Z,1748.12
2025-11-30T13:00:00Z,1399.52
2025-11-30T14:00:00Z,906.56
2025-11-30T15:00:00Z,1843.25
2025-11-30T16:00:00Z,2271.98
2025-11-30T17:00:00Z,7715.14
2025-11-30T18:00:00Z,6814.66
2025-11-30T19:00:00Z,1823.26
2025-11-30T20:00:00Z,2167.32
2025-11-30T21:00:00Z,1296.27
2025-11-30T22:00:00Z,1853.87
2025-11-30T23:00:00Z,1845.57
2025-12-01T00:00:00Z,4109.26
2025-12-01T01:00:00Z,2521.58
2025-12-01T02:00:00Z,769.35
2025-12-01T03:00:00Z,952.34
2025-12-01T04:00:00Z,31.16
2025-12-01T05:00:00Z,698.41
2025-12-01T06:00:00Z,20.9
2025-12-01T07:00:00Z,388.67
2025-12-01T08:00:00Z,2845.32
2025-12-01T09:00:00Z,3542.37
2025-12-01T10:00:00Z,2262.43
2025-12-01T11:00:00Z,4007.09
2025-12-01T12:00:00Z,1864.59
2025-12-01T13:00:00Z,3061.19
2025-12-01T14:00:00Z,3298.33
2025-12-01T15:00:00Z,2880.77
2025-12-01T16:00:00Z,3166.64
2025-12-01T17:00:00Z,2876.91
2025-12-01T18:00:00Z,3968.39
2025-12-01T19:00:00Z,1030.89
2025-12-01T20:00:00Z,940.58
2025-12-01T21:00:00Z,528.57
2025-12-01T22:00:00Z,588.02
2025-12-01T23:00:00Z,647.95
2025-12-02T00:00:00Z,370.67
2025-12-02T01:00:00Z,402.38
2025-12-02T02:00:00Z,530.2
2025-12-02T03:00:00Z,255.13
2025-12-02T04:00:00Z,584.87
2025-12-02T05:00:00Z,400.68
2025-12-02T06:00:00Z,15.96
2025-12-02T07:00:00Z,837.59
2025-12-02T08:00:00Z,2275.41
2025-12-02T09:00:00Z,3180.67
2025-12-02T10:00:00Z,3367.75
2025-12-02T11:00:00Z,2442.98
2025-12-02T12:00:00Z,2879.19
2025-12-02T13:00:00Z,2758.21
2025-12-02T14:00:00Z,2868.43
2025-12-02T15:00:00Z,1370.09
2025-12-02T16:00:00Z,2819.4
2025-12-02T17:00:00Z,2585.33
2025-12-02T18:00:00Z,3144.35
2025-12-02T19:00:00Z,455.35
2025-12-02T20:00:00Z,374.28
2025-12-02T21:00:00Z,479.66
2025-12-02T22:00:00Z,569.65
2025-12-02T23:00:00Z,1056.2
2025-12-03T00:00:00Z,76.73
2025-12-03T01:00:00Z,692.29
2025-12-03T02:00:00Z,417.71
2025-12-03T03:00:00Z,975.72
2025-12-03T04:00:00Z,593.07
2025-12-03T05:00:00Z,660.01
2025-12-03T06:00:00Z,845.54
2025-12-03T07:00:00Z,572.83
2025-12-03T08:00:00Z,1941.87
2025-12-03T09:00:00Z,3333.01
2025-12-03T10:00:00Z,3659.45
2025-12-03T11:00:00Z,3334.38
2025-12-03T12:00:00Z,3634.78
2025-12-03T13:00:00Z,4048.14
2025-12-03T14:00:00Z,3547.76
2025-12-03T15:00:00Z,2798.69
2025-12-03T16:00:00Z,4006.3
2025-12-03T17:00:00Z,3723.7
2025-12-03T18:00:00Z,4067.14
2025-12-03T19:00:00Z,587.65
2025-12-03T20:00:00Z,807.89
2025-12-03T21:00:00Z,1083.59
2025-12-03T22:00:00Z,392.06
2025-12-03T23:00:00Z,713.38
2025-12-04T00:00:00Z,802.3
2025-12-04T01:00:00Z,590.71
2025-12-04T02:00:00Z,435.53
2025-12-04T03:00:00Z,1312.13
2025-12-04T04:00:00Z,80.78
2025-12-04T05:00:00Z,1325.37
2025-12-04T06:00:00Z,608.43
2025-12-04T07:00:00Z,1173.5
2025-12-04T08:00:00Z,4343.84
2025-12-04T09:00:00Z,4343.79
2025-12-04T10:00:00Z,4290.29
2025-12-04T11:00:00Z,3142.32
2025-12-04T12:00:00Z,2568.02
2025-12-04T13:00:00Z,2529.36
2025-12-04T14:00:00Z,2223.58
2025-12-04T15:00:00Z,2210.29
2025-12-04T16:00:00Z,3511.18
2025-12-04T17:00:00Z,1171.68
2025-12-04T18:00:00Z,4557.97
2025-12-04T19:00:00Z,744.28
2025-12-04T20:00:00Z,1574.71
2025-12-04T21:00:00Z,773.51
2025-12-04T22:00:00Z,302.25
2025-12-04T23:00:00Z,527.35
2025-12-05T00:00:00Z,442.01
2025-12-05T01:00:00Z,95.35
2025-12-05T02:00:00Z,573.18
2025-12-05T03:00:00Z,679.08
2025-12-05T04:00:00Z,346.86
2025-12-05T05:00:00Z,149.66
2025-12-05T06:00:00Z,440.34
2025-12-05T07:00:00Z,83.16
2025-12-05T08:00:00Z,2737.75
2025-12-05T09:00:00Z,2011.31
2025-12-05T10:00:00Z,2421.85
2025-12-05T11:00:00Z,3554.27
2025-12-05T12:00:00Z,1908.36
2025-12-05T13:00:00Z,4939.89
2025-12-05T14:00:00Z,2618.26
2025-12-05T15:00:00Z,2083.79
2025-12-05T16:00:00Z,2958.57
2025-12-05T17:00:00Z,2905.15
2025-12-05T18:00:00Z,2426.83
2025-12-05T19:00:00Z,887.87
2025-12-05T20:00:00Z,342.89
2025-12-05T21:00:00Z,1217.22
2025-12-05T22:00:00Z,79.7
2025-12-05T23:00:00Z,78.42
2025-12-06T00:00:00Z,15.47
2025-12-06T01:00:00Z,17.31
2025-12-06T02:00:00Z,426.33
2025-12-06T03:00:00Z,375.73
2025-12-06T04:00:00Z,580.16
2025-12-06T05:00:00Z,13.1
2025-12-06T06:00:00Z,528.58
2025-12-06T07:00:00Z,231.29
2025-12-06T08:00:00Z,2805.35
2025-12-06T09:00:00Z,1499.93
2025-12-06T10:00:00Z,907.17
2025-12-06T11:00:00Z,2039.4
2025-12-06T12:00:00Z,2780.55
2025-12-06T13:00:00Z,2087.96
2025-12-06T14:00:00Z,1098.34
2025-12-06T15:00:00Z,1888.89
2025-12-06T16:00:00Z,1382.28
2025-12-06T17:00:00Z,553.62
2025-12-06T18:00:00Z,885.3
2025-12-06T19:00:00Z,365.39
2025-12-06T20:00:00Z,429.81
2025-12-06T21:00:00Z,719.9
2025-12-06T22:00:00Z,499.48
2025-12-06T23:00:00Z,197.94
2025-12-07T00:00:00Z,603.4
2025-12-07T01:00:00Z,81.66
2025-12-07T02:00:00Z,287.47
2025-12-07T03:00:00Z,381.29
2025-12-07T04:00:00Z,113.88
2025-12-07T05:00:00Z,824.8
2025-12-07T06:00:00Z,388.08
2025-12-07T07:00:00Z,67.46
2025-12-07T08:00:00Z,1932.86
2025-12-07T09:00:00Z,2462.42
2025-12-07T10:00:00Z,1888.68
2025-12-07T11:00:00Z,2769.27
2025-12-07T12:00:00Z,1585.09
2025-12-07T13:00:00Z,2664.01
2025-12-07T14:00:00Z,1530.78
2025-12-07T15:00:00Z,803.85
2025-12-07T16:00:00Z,1816.51
2025-12-07T17:00:00Z,2341.15
2025-12-07T18:00:00Z,1939.25
2025-12-07T19:00:00Z,107.68
2025-12-07T20:00:00Z,450.04
2025-12-07T21:00:00Z,483.82
2025-12-07T22:00:00Z,55.75
2025-12-07T23:00:00Z,46.71
2025-12-08T00:00:00Z,691.86
2025-12-08T01:00:00Z,423.24
2025-12-08T02:00:00Z,682.75
2025-12-08T03:00:00Z,420.87
2025-12-08T04:00:00Z,333.93
2025-12-08T05:00:00Z,391.61
2025-12-08T06:00:00Z,1082.32
2025-12-08T07:00:00Z,205.29
2025-12-08T08:00:00Z,2181.91
2025-12-08T09:00:00Z,3266.51
2025-12-08T10:00:00Z,2709.56
2025-12-08T11:00:00Z,5266.67
2025-12-08T12:00:00Z,3028.96
2025-12-08T13:00:00Z,3342.93
2025-12-08T14:00:00Z,4407.09
2025-12-08T15:00:00Z,4875.62
2025-12-08T16:00:00Z,1583.08
2025-12-08T17:00:00Z,1931.39
2025-12-08T18:00:00Z,2961.95
2025-12-08T19:00:00Z,69.55
2025-12-08T20:00:00Z,481.51
2025-12-08T21:00:00Z,578.23
2025-12-08T22:00:00Z,932.11
2025-12-08T23:00:00Z,347.66
2025-12-09T00:00:00Z,373.98
2025-12-09T01:00:00Z,434.35
2025-12-09T02:00:00Z,728.11
2025-12-09T03:00:00Z,131.92
2025-12-09T04:00:00Z,290.43
2025-12-09T05:00:00Z,933.76
2025-12-09T06:00:00Z,142.79
2025-12-09T07:00:00Z,614.68
2025-12-09T08:00:00Z,5093.67
2025-12-09T09:00:00Z,1941.17
2025-12-09T10:00:00Z,1992.81
2025-12-09T11:00:00Z,3910.37
2025-12-09T12:00:00Z,1537.39
2025-12-09T13:00:00Z,3680.32
2025-12-09T14:00:00Z,2597.78
2025-12-09T15:00:00Z,3039.57
2025-12-09T16:00:00Z,2506.22
2025-12-09T17:00:00Z,3324.42
2025-12-09T18:00:00Z,2689.64
2025-12-09T19:00:00Z,1134.74
2025-12-09T20:00:00Z,532.76
2025-12-09T21:00:00Z,931.43
2025-12-09T22:00:00Z,425.3
2025-12-09T23:00:00Z,1350.57
2025-12-10T00:00:00Z,20.71
2025-12-10T01:00:00Z,1095.84
2025-12-10T02:00:00Z,930.93
2025-12-10T03:00:00Z,877.02
2025-12-10T04:00:00Z,1310.35
2025-12-10T05:00:00Z,618.67
2025-12-10T06:00:00Z,483.56
2025-12-10T07:00:00Z,596.14
2025-12-10T08:00:00Z,3640.27
2025-12-10T09:00:00Z,3449.08
2025-12-10T10:00:00Z,2310.36
2025-12-10T11:00:00Z,4711.74
2025-12-10T12:00:00Z,3081.25
2025-12-10T13:00:00Z,987.36
2025-12-10T14:00:00Z,3302.36
2025-12-10T15:00:00Z,2074.88
2025-12-10T16:00:00Z,5317.55
2025-12-10T17:00:00Z,3029.57
2025-12-10T18:00:00Z,3379.03
2025-12-10T19:00:00Z,852.02
2025-12-10T20:00:00Z,82.48
2025-12-10T21:00:00Z,195.14
2025-12-10T22:00:00Z,1207.54
2025-12-10T23:00:00Z,403.65
2025-12-11T00:00:00Z,823.29
2025-12-11T01:00:00Z,422.03
2025-12-11T02:00:00Z,1688.94
2025-12-11T03:00:00Z,1228.91
2025-12-11T04:00:00Z,1105.49
2025-12-11T05:00:00Z,861.3
2025-12-11T06:00:00Z,71.37
2025-12-11T07:00:00Z,1185.14
2025-12-11T08:00:00Z,2474.69
2025-12-11T09:00:00Z,3726.33
2025-12-11T10:00:00Z,4041.44
2025-12-11T11:00:00Z,3175.13
2025-12-11T12:00:00Z,3225.9
2025-12-11T13:00:00Z,4169.57
2025-12-11T14:00:00Z,2286.96
2025-12-11T15:00:00Z,4112.4
2025-12-11T16:00:00Z,2362.97
2025-12-11T17:00:00Z,1985.76
2025-12-11T18:00:00Z,2030.99
2025-12-11T19:00:00Z,681.52
2025-12-11T20:00:00Z,189.84
2025-12-11T21:00:00Z,1159.49
2025-12-11T22:00:00Z,313.39
2025-12-11T23:00:00Z,557.06
2025-12-12T00:00:00Z,636.74
2025-12-12T01:00:00Z,1466.26
2025-12-12T02:00:00Z,466.61
2025-12-12T03:00:00Z,9.69
2025-12-12T04:00:00Z,308.68
2025-12-12T05:00:00Z,289.11
2025-12-12T06:00:00Z,747.88
2025-12-12T07:00:00Z,427.88
2025-12-12T08:00:00Z,2160.43
2025-12-12T09:00:00Z,2160.3
2025-12-12T10:00:00Z,1958.6
2025-12-12T11:00:00Z,5398.92
2025-12-12T12:00:00Z,2767.41
2025-12-12T13:00:00Z,3443.48
2025-12-12T14:00:00Z,4332.23
2025-12-12T15:00:00Z,4525.42
2025-12-12T16:00:00Z,3072.2
2025-12-12T17:00:00Z,3752.7
2025-12-12T18:00:00Z,3211.75
2025-12-12T19:00:00Z,805.62
2025-12-12T20:00:00Z,451.37
2025-12-12T21:00:00Z,374.49
2025-12-12T22:00:00Z,1342.99
2025-12-12T23:00:00Z,851.86
2025-12-13T00:00:00Z,309.55
2025-12-13T01:00:00Z,116.34
2025-12-13T02:00:00Z,465.62
2025-12-13T03:00:00Z,51.66
2025-12-13T04:00:00Z,353.1
2025-12-13T05:00:00Z,12.9
2025-12-13T06:00:00Z,14.6
2025-12-13T07:00:00Z,96.12
2025-12-13T08:00:00Z,1445.7
2025-12-13T09:00:00Z,1045.84
2025-12-13T10:00:00Z,1297.67
2025-12-13T11:00:00Z,867.48
2025-12-13T12:00:00Z,3801.93
2025-12-13T13:00:00Z,908.59
2025-12-13T14:00:00Z,1228.29
2025-12-13T15:00:00Z,1220.17
2025-12-13T16:00:00Z,899.41
2025-12-13T17:00:00Z,580.21
2025-12-13T18:00:00Z,2875.61
2025-12-13T19:00:00Z,436.23
2025-12-13T20:00:00Z,187.72
2025-12-13T21:00:00Z,309.58
2025-12-13T22:00:00Z,443.88
2025-12-13T23:00:00Z,12.08
2025-12-14T00:00:00Z,67.59
2025-12-14T01:00:00Z,266.81
2025-12-14T02:00:00Z,67.16
2025-12-14T03:00:00Z,544.81
2025-12-14T04:00:00Z,370.25
2025-12-14T05:00:00Z,614.61
2025-12-14T06:00:00Z,403.68
2025-12-14T07:00:00Z,890.96
2025-12-14T08:00:00Z,6002.56
2025-12-14T09:00:00Z,7531.68
2025-12-14T10:00:00Z,8984.09
2025-12-14T11:00:00Z,9015.38
2025-12-14T12:00:00Z,10179.6
2025-12-14T13:00:00Z,8885.27
2025-12-14T14:00:00Z,10799.78
2025-12-14T15:00:00Z,8339.96
2025-12-14T16:00:00Z,8559.33
2025-12-14T17:00:00Z,1694.69
2025-12-14T18:00:00Z,935.86
2025-12-14T19:00:00Z,86.47
2025-12-14T20:00:00Z,47.26
2025-12-14T21:00:00Z,551.07
2025-12-14T22:00:00Z,2.66
2025-12-14T23:00:00Z,109.37
2025-12-15T00:00:00Z,1548.4
2025-12-15T01:00:00Z,1108.09
2025-12-15T02:00:00Z,1197.47
2025-12-15T03:00:00Z,983.14
2025-12-15T04:00:00Z,174.94
2025-12-15T05:00:00Z,737.32
2025-12-15T06:00:00Z,843.86
2025-12-15T07:00:00Z,1272.56
2025-12-15T08:00:00Z,5017.37
2025-12-15T09:00:00Z,1878.19
2025-12-15T10:00:00Z,3082.02
2025-12-15T11:00:00Z,3017.25
2025-12-15T12:00:00Z,3212.16
2025-12-15T13:00:00Z,4518.14
2025-12-15T14:00:00Z,4609.96
2025-12-15T15:00:00Z,4319.38
2025-12-15T16:00:00Z,3426.05
2025-12-15T17:00:00Z,3757.19
2025-12-15T18:00:00Z,2675.06
2025-12-15T19:00:00Z,1112.8
2025-12-15T20:00:00Z,1099.0
2025-12-15T21:00:00Z,411.6
2025-12-15T22:00:00Z,1027.51
2025-12-15T23:00:00Z,522.04
2025-12-16T00:00:00Z,365.74
2025-12-16T01:00:00Z,21.6
2025-12-16T02:00:00Z,792.5
2025-12-16T03:00:00Z,411.89
2025-12-16T04:00:00Z,856.09
2025-12-16T05:00:00Z,125.88
2025-12-16T06:00:00Z,113.52
2025-12-16T07:00:00Z,1515.36
2025-12-16T08:00:00Z,4059.6
2025-12-16T09:00:00Z,2635.69
2025-12-16T10:00:00Z,4618.69
2025-12-16T11:00:00Z,4214.66
2025-12-16T12:00:00Z,2709.35
2025-12-16T13:00:00Z,1571.95
2025-12-16T14:00:00Z,2798.51
2025-12-16T15:00:00Z,3390.97
2025-12-16T16:00:00Z,3827.63
2025-12-16T17:00:00Z,5136.11
2025-12-16T18:00:00Z,3437.49
2025-12-16T19:00:00Z,982.87
2025-12-16T20:00:00Z,884.8
2025-12-16T21:00:00Z,401.99
2025-12-16T22:00:00Z,1164.98
2025-12-16T23:00:00Z,735.08
2025-12-17T00:00:00Z,424.1
2025-12-17T01:00:00Z,374.8
2025-12-17T02:00:00Z,237.86
2025-12-17T03:00:00Z,376.43
2025-12-17T04:00:00Z,545.26
2025-12-17T05:00:00Z,329.92
2025-12-17T06:00:00Z,1847.85
2025-12-17T07:00:00Z,91.49
2025-12-17T08:00:00Z,2773.58
2025-12-17T09:00:00Z,2669.02
2025-12-17T10:00:00Z,3982.76
2025-12-17T11:00:00Z,3772.18
2025-12-17T12:00:00Z,4743.89
2025-12-17T13:00:00Z,3144.24
2025-12-17T14:00:00Z,4179.64
2025-12-17T15:00:00Z,2680.69
2025-12-17T16:00:00Z,3431.65
2025-12-17T17:00:00Z,2797.21
2025-12-17T18:00:00Z,3867.59
2025-12-17T19:00:00Z,255.86
2025-12-17T20:00:00Z,386.56
2025-12-17T21:00:00Z,118.9
2025-12-17T22:00:00Z,812.55
2025-12-17T23:00:00Z,918.58
2025-12-18T00:00:00Z,143.51
2025-12-18T01:00:00Z,64.1
2025-12-18T02:00:00Z,611.22
2025-12-18T03:00:00Z,468.33
2025-12-18T04:00:00Z,446.67
2025-12-18T05:00:00Z,478.34
2025-12-18T06:00:00Z,756.23
2025-12-18T07:00:00Z,1563.49
2025-12-18T08:00:00Z,3284.25
2025-12-18T09:00:00Z,2958.44
2025-12-18T10:00:00Z,3149.2
2025-12-18T11:00:00Z,2305.22
2025-12-18T12:00:00Z,2905.37
2025-12-18T13:00:00Z,4183.13
2025-12-18T14:00:00Z,2792.57
2025-12-18T15:00:00Z,3852.81
2025-12-18T16:00:00Z,2185.59
2025-12-18T17:00:00Z,5192.28
2025-12-18T18:00:00Z,3419.15
2025-12-18T19:00:00Z,22.37
2025-12-18T20:00:00Z,498.38
2025-12-18T21:00:00Z,372.49
2025-12-18T22:00:00Z,1220.32
2025-12-18T23:00:00Z,1474.25
2025-12-19T00:00:00Z,516.48
2025-12-19T01:00:00Z,550.89
2025-12-19T02:00:00Z,44.06
2025-12-19T03:00:00Z,379.27
2025-12-19T04:00:00Z,224.26
2025-12-19T05:00:00Z,322.14
2025-12-19T06:00:00Z,99.09
2025-12-19T07:00:00Z,336.14
2025-12-19T08:00:00Z,2241.57
2025-12-19T09:00:00Z,2671.39
2025-12-19T10:00:00Z,1805.24
2025-12-19T11:00:00Z,4353.01
2025-12-19T12:00:00Z,2984.72
2025-12-19T13:00:00Z,2316.98
2025-12-19T14:00:00Z,4469.62
2025-12-19T15:00:00Z,4383.04
2025-12-19T16:00:00Z,5206.53
2025-12-19T17:00:00Z,2777.88
2025-12-19T18:00:00Z,2306.51
2025-12-19T19:00:00Z,412.3
2025-12-19T20:00:00Z,1139.59
2025-12-19T21:00:00Z,18.91
2025-12-19T22:00:00Z,262.48
2025-12-19T23:00:00Z,1423.33
2025-12-20T00:00:00Z,49.54
2025-12-20T01:00:00Z,373.25
2025-12-20T02:00:00Z,54.26
2025-12-20T03:00:00Z,402.29
2025-12-20T04:00:00Z,330.26
2025-12-20T05:00:00Z,10.75
2025-12-20T06:00:00Z,606.5
2025-12-20T07:00:00Z,15.74
2025-12-20T08:00:00Z,1536.72
2025-12-20T09:00:00Z,843.14
2025-12-20T10:00:00Z,2416.55
2025-12-20T11:00:00Z,578.4
2025-12-20T12:00:00Z,1153.0
2025-12-20T13:00:00Z,1647.86
2025-12-20T14:00:00Z,2141.4
2025-12-20T15:00:00Z,919.26
2025-12-20T16:00:00Z,2507.14
2025-12-20T17:00:00Z,996.93
2025-12-20T18:00:00Z,531.36
2025-12-20T19:00:00Z,258.44
2025-12-20T20:00:00Z,614.86
2025-12-20T21:00:00Z,12.32
2025-12-20T22:00:00Z,420.63
2025-12-20T23:00:00Z,53.55
2025-12-21T00:00:00Z,1128.18
2025-12-21T01:00:00Z,95.97
2025-12-21T02:00:00Z,178.37
2025-12-21T03:00:00Z,12.16
2025-12-21T04:00:00Z,109.03
2025-12-21T05:00:00Z,340.78
2025-12-21T06:00:00Z,694.1
2025-12-21T07:00:00Z,8.61
2025-12-21T08:00:00Z,956.42
2025-12-21T09:00:00Z,1412.9
2025-12-21T10:00:00Z,1190.29
2025-12-21T11:00:00Z,1058.44
2025-12-21T12:00:00Z,843.67
2025-12-21T13:00:00Z,1414.39
2025-12-21T14:00:00Z,977.79
2025-12-21T15:00:00Z,1418.25
2025-12-21T16:00:00Z,2102.33
2025-12-21T17:00:00Z,2164.25
2025-12-21T18:00:00Z,1335.37
2025-12-21T19:00:00Z,66.59
2025-12-21T20:00:00Z,103.29
2025-12-21T21:00:00Z,61.25
2025-12-21T22:00:00Z,488.03
2025-12-21T23:00:00Z,75.23
2025-12-22T00:00:00Z,242.69
2025-12-22T01:00:00Z,103.01
2025-12-22T02:00:00Z,1087.33
2025-12-22T03:00:00Z,457.44
2025-12-22T04:00:00Z,115.83
2025-12-22T05:00:00Z,393.22
2025-12-22T06:00:00Z,664.26
2025-12-22T07:00:00Z,135.84
2025-12-22T08:00:00Z,3714.38
2025-12-22T09:00:00Z,1920.86
2025-12-22T10:00:00Z,3500.58
2025-12-22T11:00:00Z,2709.72
2025-12-22T12:00:00Z,4151.67
2025-12-22T13:00:00Z,3043.39
2025-12-22T14:00:00Z,4374.33
2025-12-22T15:00:00Z,5756.15
2025-12-22T16:00:00Z,2680.19
2025-12-22T17:00:00Z,4060.44
2025-12-22T18:00:00Z,3174.44
2025-12-22T19:00:00Z,646.04
2025-12-22T20:00:00Z,387.15
2025-12-22T21:00:00Z,558.45
2025-12-22T22:00:00Z,555.74
2025-12-22T23:00:00Z,907.44
2025-12-23T00:00:00Z,744.16
2025-12-23T01:00:00Z,1050.01
2025-12-23T02:00:00Z,804.6
2025-12-23T03:00:00Z,841.83
2025-12-23T04:00:00Z,479.57
2025-12-23T05:00:00Z,20.4
2025-12-23T06:00:00Z,694.58
2025-12-23T07:00:00Z,796.99
2025-12-23T08:00:00Z,4469.78
2025-12-23T09:00:00Z,4636.06
2025-12-23T10:00:00Z,3550.64
2025-12-23T11:00:00Z,3179.69
2025-12-23T12:00:00Z,3881.79
2025-12-23T13:00:00Z,4361.52
2025-12-23T14:00:00Z,1693.67
2025-12-23T15:00:00Z,3068.25
2025-12-23T16:00:00Z,2498.66
2025-12-23T17:00:00Z,4693.15
2025-12-23T18:00:00Z,3995.11
2025-12-23T19:00:00Z,652.92
2025-12-23T20:00:00Z,664.4
2025-12-23T21:00:00Z,450.52
2025-12-23T22:00:00Z,683.02
2025-12-23T23:00:00Z,430.43
2025-12-24T00:00:00Z,935.18
2025-12-24T01:00:00Z,81.84
2025-12-24T02:00:00Z,253.64
2025-12-24T03:00:00Z,884.81
2025-12-24T04:00:00Z,1139.82
2025-12-24T05:00:00Z,553.35
2025-12-24T06:00:00Z,279.23
2025-12-24T07:00:00Z,1467.43
2025-12-24T08:00:00Z,2893.61
2025-12-24T09:00:00Z,4409.49
2025-12-24T10:00:00Z,2236.03
2025-12-24T11:00:00Z,3873.78
2025-12-24T12:00:00Z,3732.27
2025-12-24T13:00:00Z,2729.92
2025-12-24T14:00:00Z,2926.84
2025-12-24T15:00:00Z,4430.34
2025-12-24T16:00:00Z,2553.84
2025-12-24T17:00:00Z,2965.74
2025-12-24T18:00:00Z,4152.86
2025-12-24T19:00:00Z,86.29
2025-12-24T20:00:00Z,520.94
2025-12-24T21:00:00Z,620.57
2025-12-24T22:00:00Z,629.93
2025-12-24T23:00:00Z,303.37
2025-12-25T00:00:00Z,490.92
2025-12-25T01:00:00Z,191.99
2025-12-25T02:00:00Z,794.44
2025-12-25T03:00:00Z,196.6
2025-12-25T04:00:00Z,495.15
2025-12-25T05:00:00Z,1418.03
2025-12-25T06:00:00Z,346.68
2025-12-25T07:00:00Z,64.47
2025-12-25T08:00:00Z,2272.69
2025-12-25T09:00:00Z,2439.55
2025-12-25T10:00:00Z,4749.06
2025-12-25T11:00:00Z,3138.1
2025-12-25T12:00:00Z,3799.77
2025-12-25T13:00:00Z,2351.62
2025-12-25T14:00:00Z,3343.97
2025-12-25T15:00:00Z,2908.07
2025-12-25T16:00:00Z,2063.91
2025-12-25T17:00:00Z,2742.05
2025-12-25T18:00:00Z,3633.35
2025-12-25T19:00:00Z,131.05
2025-12-25T20:00:00Z,738.56
2025-12-25T21:00:00Z,859.29
2025-12-25T22:00:00Z,660.29
2025-12-25T23:00:00Z,302.06
2025-12-26T00:00:00Z,49.12
2025-12-26T01:00:00Z,605.26
2025-12-26T02:00:00Z,837.88
2025-12-26T03:00:00Z,752.87
2025-12-26T04:00:00Z,108.07
2025-12-26T05:00:00Z,382.04
2025-12-26T06:00:00Z,959.58
2025-12-26T07:00:00Z,488.88
2025-12-26T08:00:00Z,4216.24
2025-12-26T09:00:00Z,4611.79
2025-12-26T10:00:00Z,2115.29
2025-12-26T11:00:00Z,5036.41
2025-12-26T12:00:00Z,4511.4
2025-12-26T13:00:00Z,4376.47
2025-12-26T14:00:00Z,2095.85
2025-12-26T15:00:00Z,2945.81
2025-12-26T16:00:00Z,4919.71
2025-12-26T17:00:00Z,3534.79
2025-12-26T18:00:00Z,3738.03
2025-12-26T19:00:00Z,95.15
2025-12-26T20:00:00Z,521.99
2025-12-26T21:00:00Z,270.23
2025-12-26T22:00:00Z,372.16
2025-12-26T23:00:00Z,705.99
2025-12-27T00:00:00Z,570.64
2025-12-27T01:00:00Z,95.03
2025-12-27T02:00:00Z,580.45
2025-12-27T03:00:00Z,576.73
2025-12-27T04:00:00Z,865.91
2025-12-27T05:00:00Z,4.41
2025-12-27T06:00:00Z,5.58
2025-12-27T07:00:00Z,449.95
2025-12-27T08:00:00Z,920.89
2025-12-27T09:00:00Z,1154.02
2025-12-27T10:00:00Z,1387.24
2025-12-27T11:00:00Z,2647.64
2025-12-27T12:00:00Z,1835.9
2025-12-27T13:00:00Z,3124.79
2025-12-27T14:00:00Z,3215.58
2025-12-27T15:00:00Z,1066.69
2025-12-27T16:00:00Z,737.33
2025-12-27T17:00:00Z,1075.35
2025-12-27T18:00:00Z,1079.72
2025-12-27T19:00:00Z,994.88
2025-12-27T20:00:00Z,140.08
2025-12-27T21:00:00Z,408.95
2025-12-27T22:00:00Z,107.25
2025-12-27T23:00:00Z,693.83
2025-12-28T00:00:00Z,10.85
2025-12-28T01:00:00Z,485.82
2025-12-28T02:00:00Z,406.97
2025-12-28T03:00:00Z,6.09
2025-12-28T04:00:00Z,44.35
2025-12-28T05:00:00Z,742.66
2025-12-28T06:00:00Z,136.16
2025-12-28T07:00:00Z,270.69
2025-12-28T08:00:00Z,831.09
2025-12-28T09:00:00Z,1597.08
2025-12-28T10:00:00Z,1806.79
2025-12-28T11:00:00Z,1027.68
2025-12-28T12:00:00Z,1488.31
2025-12-28T13:00:00Z,3321.95
2025-12-28T14:00:00Z,1648.51
2025-12-28T15:00:00Z,1173.0
2025-12-28T16:00:00Z,2347.29
2025-12-28T17:00:00Z,2197.67
2025-12-28T18:00:00Z,1659.43
2025-12-28T19:00:00Z,358.26
2025-12-28T20:00:00Z,371.54
2025-12-28T21:00:00Z,48.63
2025-12-28T22:00:00Z,10.23
2025-12-28T23:00:00Z,333.75
2025-12-29T00:00:00Z,505.0
2025-12-29T01:00:00Z,645.65
2025-12-29T02:00:00Z,524.71
2025-12-29T03:00:00Z,526.5
2025-12-29T04:00:00Z,603.03
2025-12-29T05:00:00Z,919.86
2025-12-29T06:00:00Z,961.82
2025-12-29T07:00:00Z,973.13
2025-12-29T08:00:00Z,3451.95
2025-12-29T09:00:00Z,3624.37
2025-12-29T10:00:00Z,4351.67
2025-12-29T11:00:00Z,3681.77
2025-12-29T12:00:00Z,4189.79
2025-12-29T13:00:00Z,4881.39
2025-12-29T14:00:00Z,3166.18
2025-12-29T15:00:00Z,2265.3
2025-12-29T16:00:00Z,4481.63
2025-12-29T17:00:00Z,3350.33
2025-12-29T18:00:00Z,3767.93
2025-12-29T19:00:00Z,666.87
2025-12-29T20:00:00Z,754.51
2025-12-29T21:00:00Z,509.05
2025-12-29T22:00:00Z,278.61
2025-12-29T23:00:00Z,91.89
2025-12-30T00:00:00Z,410.54
2025-12-30T01:00:00Z,769.01
2025-12-30T02:00:00Z,1659.09
2025-12-30T03:00:00Z,613.31
2025-12-30T04:00:00Z,458.3
2025-12-30T05:00:00Z,848.58
2025-12-30T06:00:00Z,355.91
2025-12-30T07:00:00Z,86.14
2025-12-30T08:00:00Z,3425.4
2025-12-30T09:00:00Z,3582.0
2025-12-30T10:00:00Z,5335.56
2025-12-30T11:00:00Z,4007.64
2025-12-30T12:00:00Z,2730.76
2025-12-30T13:00:00Z,3595.76
2025-12-30T14:00:00Z,6084.91
2025-12-30T15:00:00Z,3879.64
2025-12-30T16:00:00Z,4004.22
2025-12-30T17:00:00Z,3082.99
2025-12-30T18:00:00Z,3998.73
2025-12-30T19:00:00Z,430.54
2025-12-30T20:00:00Z,855.46
2025-12-30T21:00:00Z,58.52
2025-12-30T22:00:00Z,17.77
2025-12-30T23:00:00Z,84.63
2025-12-31T00:00:00Z,95.73
2025-12-31T01:00:00Z,1172.96
2025-12-31T02:00:00Z,1490.17
2025-12-31T03:00:00Z,25.18
2025-12-31T04:00:00Z,536.0
2025-12-31T05:00:00Z,528.92
2025-12-31T06:00:00Z,1068.6
2025-12-31T07:00:00Z,158.12
2025-12-31T08:00:00Z,4582.72
2025-12-31T09:00:00Z,1799.63
2025-12-31T10:00:00Z,3655.96
2025-12-31T11:00:00Z,2114.35
2025-12-31T12:00:00Z,2335.91
2025-12-31T13:00:00Z,3227.15
2025-12-31T14:00:00Z,2162.79
2025-12-31T15:00:00Z,3155.2
2025-12-31T16:00:00Z,2816.77
2025-12-31T17:00:00Z,1807.31
2025-12-31T18:00:00Z,3436.72
2025-12-31T19:00:00Z,636.29
2025-12-31T20:00:00Z,532.75
2025-12-31T21:00:00Z,470.38
2025-12-31T22:00:00Z,841.61
2025-12-31T23:00:00Z,1226.86
